1,2,3
-579.16766,13.752866,0.11069352
360.82648,-24.331366,11.754744
653.2786,0.467828,-5.8461246
1399.7632,47.906166,-3.9512846
81.15638,6.283196,6.74774
-782.19617,5.27304,4.0270176
-872.30035,10.223796,-8.052429
-872.22424,17.428469,-7.082589
-760.36945,14.423674,-3.4159086
-854.9887,6.6424274,1.2521218
-605.2691,24.823868,1.120364
-493.35406,23.434107,2.353113
-608.9638,18.909027,2.8694668
-554.3068,8.346929,12.885949
-555.6265,1.6873538,11.962858
-526.2456,-5.7137003,-2.4961917
-617.6033,17.719185,2.073198
-619.6363,19.254732,-3.7157962
-532.14575,-2.058954,-5.362286
-554.7534,4.512062,-12.2947645
-476.1363,-8.562051,-1.4281746
-396.4948,-2.5800204,6.615109
-393.84262,-2.11959,-0.32758403
-407.15408,-16.098763,-4.2554445
-493.68982,21.985968,7.9567766
-611.94745,23.553537,-0.86553454
-852.50867,12.035357,6.2547565
-784.31573,8.067058,-6.7014246
-746.0065,7.505363,-11.2143135
-598.6179,20.9627,3.8139095
-451.05957,-10.032059,-6.4796557
-591.4705,-3.9314985,-3.517768
-606.0599,20.888504,-4.1990924
-742.9741,14.725878,9.81238
-329.26373,-4.4776926,2.9020534
-328.07462,0.32335874,0.15892893
-696.47815,-1.622213,-0.2544671
-625.5167,-2.32471,7.1247153
-381.16718,-3.8156242,5.6541367
-625.55597,-8.454202,-2.0108414
-1143.1721,18.335695,-4.134897
-378.04547,-7.222026,9.844661
-316.18747,9.7968025,-2.6118886
-320.06622,6.1322823,-7.2188473
242.96147,0.8079065,-3.5502396
71.47641,33.11405,-10.402722
107.06003,-16.431162,-10.625883
-152.27562,-14.5346575,3.255728
-189.97563,-14.103065,-5.3517923
-82.3223,-11.895444,-11.204856
714.01556,11.571642,-9.327014
34.504013,-10.203736,9.346331
-145.17513,-19.154587,-6.366873
-225.71796,-23.615341,0.15788047
-71.98784,-14.311736,-6.079106
-24.694366,-18.79075,9.335357
-126.94901,-1.8120933,8.10404
-25.789259,-12.522692,7.771414
-3.8869708,-28.13416,-4.3105674
171.31674,11.774162,-4.398338
419.23578,-5.0585146,-4.0472875
-307.1164,-7.495006,5.6918707
-96.77312,1.6443571,-3.645574
292.2229,-3.1980731,0.693596
-460.8046,-4.842874,3.6805134
554.134,-7.423619,1.2962437
212.50131,-24.235209,4.060223
261.6772,-2.3091931,-5.449921
407.2108,-19.483274,2.5218594
450.50262,-23.263971,-3.271239
448.37946,-25.863674,5.2698245
408.50073,-20.863358,9.086707
-258.80222,-1.802711,-13.440712
151.83014,-18.188541,-3.636206
128.43604,-12.883432,-16.142992
-74.92171,-11.66316,-12.13361
-16.073044,1.2053832,17.07533
-69.89993,-8.6294985,-9.75171
-75.07484,-8.010745,-6.2350907
-131.9694,-12.1258545,0.9599124
-6.814351,-13.268793,4.326073
-63.298634,-11.7974615,13.48822
-140.3677,-10.609321,0.52666134
1.5498363,-11.794569,12.411147
-193.23256,5.101982,-15.305767
-46.342297,10.705139,0.3728623
-303.58176,15.611639,-6.418595
-185.04457,6.2234006,7.1776705
-194.41805,3.3605826,-8.4631605
-0.49450955,-7.6775064,7.6066003
-438.0741,10.610702,0.052206777
-493.40146,3.6600606,4.79794
-333.20267,3.784695,5.914466
-305.1694,8.931661,-6.4505696
-238.08527,20.498182,9.119346
-547.5671,-0.2663195,-1.5415081
495.05026,22.887743,-1.9360137
577.39923,14.800127,2.890804
442.4765,20.93598,-4.9945803
815.14294,18.003365,3.6858847
191.50407,6.4367247,-6.937305
-487.3549,-8.245149,-2.3473854
-539.7536,-1.5029525,-7.6193795
-784.7254,16.965446,-0.62786585
189.89568,-3.5591786,-11.456258
92.92237,-19.706905,-9.496648
-293.9861,-2.2416174,10.120155
162.99675,-4.8379307,2.6590304
77.633896,0.5768088,1.2123306
155.39127,-0.05337177,-8.7483225
151.10088,-1.5920595,-3.8396628
241.15242,-4.572516,-8.690682
179.01466,-1.5778707,13.318231
-123.908585,-19.238789,-6.217573
124.80986,-16.146608,-0.49318874
193.76103,-21.602255,-9.193601
226.47191,-4.2797484,-1.4454484
164.83778,-25.399323,9.006281
-125.83465,-17.617844,0.03562529
-65.20856,-18.789175,3.053628
110.54613,-11.608484,-5.3563914
207.07632,-22.710535,-2.9471145
22.645676,-33.26304,2.6858685
321.2637,-20.276083,-4.2872014
387.82126,-5.0325766,-11.556488
323.94763,-21.939928,1.8463627
108.52465,-18.702667,-3.5009902
803.16925,13.370516,3.7364042
219.73972,-5.2378654,-1.0258181
551.3835,-3.7606096,-4.7812366
652.3394,-4.94492,-1.5955706
444.62823,-13.99072,-5.062981
494.07422,-20.81646,-0.16974863
141.36566,-10.162015,-3.643351
497.43875,-9.445308,3.4984002
385.68408,-14.766714,4.433911
316.10587,-6.9854374,-4.684056
364.1769,-9.186873,3.0340443
328.79202,-11.624924,-14.227151
418.48196,-12.491251,0.10727125
212.55493,-2.7794752,9.442306
272.3895,-9.484495,-4.970279
335.12546,-2.0994174,-14.590222
208.7424,-9.464191,5.420837
127.010086,10.650034,3.614873
359.75043,-24.112633,3.8576233
206.98427,-0.59883255,-2.3231378
198.24245,-4.2617764,-11.10001
80.54133,-3.9276633,-3.7425764
126.67287,-1.1428589,7.943053
190.52023,-2.7752168,0.8877493
-964.2067,10.251466,-0.7512535
-875.20953,9.256501,3.938666
-467.72266,-2.9734156,-1.264767
-103.22744,9.962477,1.3238137
-154.67216,12.7802105,-3.7325962
-115.43756,0.485501,-0.091431454
-614.0246,9.597507,1.5249072
-483.66272,14.946524,3.8207738
298.07156,-2.7263849,4.616221
-235.84763,17.598244,3.616197
7.8423133,2.4999025,4.293607
-499.21637,16.210333,3.3603415
-151.88289,6.931874,-4.4622855
-136.17021,1.9316984,-1.2526565
-50.49137,17.431925,-1.5618296
-168.67274,8.386128,13.852141
-400.17807,2.5933816,9.8601
-171.66383,8.3475485,8.33516
300.8041,1.7038915,9.435038
211.91753,11.68999,-0.24138944
211.3976,8.845046,6.4895773
212.65172,15.261,5.392636
219.23119,10.141181,9.3090315
218.04094,3.7278166,6.91097
220.60907,4.2264643,0.43347004
-626.0739,14.752909,-1.5912067
-623.6609,12.608858,3.9694908
260.56366,-3.5260363,5.0929227
264.85336,-2.8071835,0.12025154
-461.54053,-0.74192667,-5.0463386
-400.09283,-1.9752808,1.4285512
-344.3386,-6.615315,3.2820067
-272.33804,-9.2482815,6.0068545
-308.15906,8.233173,-0.7172843
-640.12427,0.7035474,5.094524
-276.2331,-2.744719,8.602298
-274.7989,-6.728588,0.07939867
-13.152589,-5.672403,-6.496193
-15.9539995,-5.37687,-0.9627687
-264.7861,-10.481781,-6.90331
-179.74483,-3.306346,-10.964591
-48.570225,-10.618694,-4.976936
-268.93994,-13.584552,-11.079333
-183.29448,-4.7678213,-6.204346
-49.039978,-16.612839,-6.004626
-204.26015,-15.431733,-6.2100983
-206.84186,-15.438436,-0.42665964
-770.9474,13.1840725,3.1687741
-522.4477,5.6466107,-7.7165484
-516.24023,7.260286,-6.1754723
-342.70764,-12.74588,3.436362
-252.79765,-14.149512,-8.935769
-344.2714,-10.0805235,-2.837012
-248.48848,-18.222218,-12.304355
-620.7,3.957144,2.0549214
-543.8558,2.827399,2.700587
-622.89276,3.8587477,-4.9026275
-546.3848,7.3206577,-1.4843645
-60.63326,-16.910477,-6.921508
-241.61836,3.5079513,7.6475344
-29.947664,-1.1881633,15.413084
-324.4433,1.477734,6.793962
182.13081,-3.8578236,0.658651
-24.296986,-9.5083,17.334152
277.3664,-4.2938466,-8.08942
250.66098,-8.954018,-6.6062946
187.22955,-12.1873,-7.9551697
-368.71918,5.05421,-10.0131235
120.0824,-5.513351,8.025753
-249.9482,-8.605638,-4.242839
-0.76301646,-5.4455876,13.665369
137.79459,-14.741152,4.8224516
-235.4207,-14.750266,5.927677
-428.50308,5.4891315,-9.870398
-291.3918,-10.638182,6.19998
133.90463,-24.128536,-9.162461
91.78959,-18.586517,5.7510595
120.45164,-2.7819266,13.896133
-118.181984,-12.001176,7.5690823
-117.24025,-7.1656137,11.808348
-176.90976,-5.1219726,8.405553
-9.827589,7.1433873,9.205104
52.403744,-11.793345,6.8897543
-181.74269,-0.3581214,8.027501
-342.3547,-11.1769905,10.18555
-359.96063,3.2148747,-9.6068125
-497.59308,-2.484909,-3.1106231
-320.91162,-18.820616,4.7738066
-347.71756,-24.486094,-2.803478
-60.118652,-25.997805,3.269387
-549.94617,2.1475546,5.451858
-736.86163,12.978117,6.217166
659.75745,12.244386,-3.7133904
342.65915,15.009267,-5.299606
-395.9603,-8.865898,10.121486
-376.0396,-12.301363,-2.9392765
-347.73462,2.9237452,13.475217
1789.1978,52.33268,-5.6928573
1406.5253,49.504566,-0.6582069
1489.0044,39.711525,-0.78793806
1642.8016,37.73467,-0.03255734
1410.7941,43.557896,2.832886
1490.2676,47.28936,-4.963258
1633.5292,44.730442,7.351134
1493.8129,43.422646,4.694757
1561.8243,45.140438,4.7426476
1711.933,52.42511,-2.0354161
1496.0723,49.996727,0.013627916
1555.0479,45.993103,8.932534
1635.1892,35.79487,0.0442317
1791.6837,48.328156,1.0303565
1488.8595,49.31751,3.2725554
1554.8242,44.85352,1.0867274
1785.1606,45.564964,-3.2319083
1552.8937,36.83437,-0.11068099
1706.5808,45.77194,-1.4525046
1841.3055,54.864067,-2.49185
1703.4193,53.635036,-1.7038089
1784.5842,52.51222,1.1695637
1315.2273,50.97562,2.8798363
1400.6228,39.398613,-5.1194024
-605.8521,10.536519,-1.0073309
468.27744,14.560632,-2.8376317
380.32217,-19.184423,2.1871884
536.29083,-5.0163555,-6.2672286
381.08044,-12.322456,-1.0077775
480.0997,-15.473206,0.52965057
581.917,-10.303811,4.119909
302.9477,-5.9818416,7.772364
493.37454,-6.845319,-1.0784776
371.38086,-5.3090525,2.1335657
326.20682,-4.9411106,-15.409822
430.79684,-7.886682,-0.6658013
530.2082,22.268915,-6.8898153
-31.73323,-21.013245,6.5275064
588.46423,-1.0758666,1.6239855
624.6643,10.788839,-3.4906657
549.9226,-1.2341201,1.1342443
453.15198,-6.5987506,-1.4263961
573.06854,-2.4296587,0.42162642
34.407726,-6.587992,-8.529538
-301.44717,18.935934,3.9760964
383.9887,-26.87327,5.339387
410.82352,0.7498674,5.6128187
-159.94203,27.186962,-2.340227
301.27707,23.193314,-2.4789262
198.75377,18.067295,-10.438076
661.63257,4.1437793,-4.779997
562.1841,11.930777,0.40364832
560.2616,14.168662,-5.5273933
-234.5713,32.47175,-5.3958564
54.02851,2.2613537,-8.54889
-392.2887,6.913247,9.425674
640.18036,4.917447,-6.245248
210.6456,19.32098,-4.123339
534.9593,-2.912533,0.16068013
704.5436,6.5991383,2.480109
407.01294,2.773039,0.2933309
205.01727,10.664599,-6.367714
-287.36575,15.442438,9.477106
403.88245,0.9200938,5.832381
380.34793,-23.11107,9.537056
504.18445,-22.4861,-9.568835
57.823746,8.686172,-8.873357
-137.39835,15.930502,-4.0725923
203.5634,4.348946,-5.5254207
593.0012,6.121105,-8.315155
-801.0711,6.833736,3.1691723
608.06085,10.593135,3.475618
967.74023,32.16821,7.2344947
1113.2278,40.953407,8.319608
1307.6604,48.63372,2.7263715
1118.6448,38.565125,4.6310015
1309.8837,41.46784,0.74308467
1115.7317,34.892284,10.847366
377.4245,-28.150267,4.178551
-496.31802,48.84341,8.643906
-120.52059,23.488472,-5.991075
391.98608,-16.494104,4.7410994
48.525192,-9.692637,11.857165
265.69885,-23.260447,7.5330105
345.95377,-21.916883,9.950782
425.97644,-18.360672,3.1837294
394.4255,-11.053605,-1.0570676
287.9692,-29.65357,-0.94411707
-513.46545,2.7412438,-1.6581379
-75.82888,-18.20973,-10.177625
-205.21655,-17.369059,9.843162
-419.5615,-8.148174,-1.1899269
-281.07483,-8.433562,9.715452
-11.957669,-16.794819,0.003759488
430.79523,-7.3222857,-7.3281255
-251.6298,-3.78007,16.347162
-197.863,-22.997372,6.501071
-319.95245,-3.6544867,5.1728587
-250.30254,-8.121556,11.398628
-158.45926,13.011584,-11.047185
-242.02814,-2.634644,14.644307
-153.34215,-7.1608176,-5.7851295
174.45976,-18.079754,5.0986004
-313.26535,-6.8340135,-13.150306
-359.22375,-0.26348355,5.277769
-261.8593,-3.8279026,-3.3518894
46.6467,6.8329487,12.101671
-418.66534,3.4836614,-8.573996
-359.0221,0.034619696,-2.4071796
227.01639,-13.710174,9.321672
-89.6848,3.8490448,4.2703567
116.64499,-12.687046,9.716234
555.97107,0.7963515,-8.025039
164.58725,-24.931107,0.4993304
364.23956,-1.9019073,2.2888296
165.67255,-19.828896,4.313544
156.07054,-24.964972,-3.5421672
111.26775,-11.625716,12.610691
67.30664,-25.233349,3.799325
68.36743,-22.18145,9.343324
354.27545,-15.694845,2.4676502
273.8361,-29.200783,0.3571372
475.7753,-5.4583774,-0.15875964
529.38824,-8.298018,2.0249531
531.9152,-12.186756,-3.2652857
753.2884,5.2637463,3.4471128
493.6342,14.093287,-7.272001
506.21942,-17.701303,-3.0596325
445.67413,-4.8845625,-3.4723058
507.96637,-11.470869,-4.262866
504.1789,-4.9398255,-6.8716993
334.39023,2.8400335,-9.388277
493.67438,-12.814289,-3.6264043
448.94525,-3.3330019,2.5767577
406.62915,-5.914939,4.5872593
24.697128,-10.01154,-0.06722339
415.9611,11.55163,-6.030581
384.179,-27.255066,14.374317
323.3571,9.106334,-11.785497
322.9423,10.132779,-5.345077
386.36432,-22.812334,18.151878
505.1702,-14.741337,-9.336742
358.49176,-30.108002,8.313513
406.49976,-4.078915,10.875529
351.84003,-31.852724,10.255685
421.54105,1.2822402,-5.548423
-68.095436,14.419756,0.79634804
555.8336,1.8093925,-0.74469364
550.79614,4.263297,-4.233533
311.00034,6.056264,0.4407539
600.98663,-8.697419,-1.5064673
84.06079,-13.19523,11.458172
184.32443,-19.208721,2.0156128
387.66092,-20.998745,1.1823107
494.7731,-1.9239042,5.38344
589.348,-8.55303,1.8211637
700.95416,-3.1533067,-4.1826096
-253.18947,-23.258842,-0.3796416
0.2824375,-35.633835,-3.6432323
-211.81395,-32.23637,-1.3519678
62.471497,-36.20068,13.055893
-232.61572,-25.525303,3.8622918
54.645016,-38.68897,14.688447
-442.8507,-10.199536,-10.5857725
-414.3349,-4.2148767,-16.910069
-353.98825,-21.264366,-3.9799712
-106.2066,-22.918455,-5.166344
-378.51016,-20.333557,-5.251014
-442.86075,-7.683541,-4.4214363
245.83427,12.05862,-8.888229
-163.62717,-8.329711,5.341654
-592.445,4.1551375,6.72966
-518.07056,4.6517005,4.229751
-337.19617,-4.269168,5.113645
-252.75603,-8.947978,-14.3456
236.87883,-13.254939,-6.736916
-143.00424,14.378115,2.0811887
43.42093,14.246168,-10.830985
-420.1314,10.828085,1.4809166
-520.8498,2.4249256,-1.8755479
527.3588,-0.08322335,-0.9590146
37.243652,24.809065,17.648464
-407.9607,-9.183983,-5.559958
494.56604,3.1394217,-10.257897
529.4463,-6.0346236,-4.6312656
445.4684,-21.489738,1.2895212
-46.015396,-14.901528,-0.07037768
201.70737,-26.71598,-4.6221075
261.97687,-26.867296,-0.070153415
1.6063567,-14.945665,5.836371
142.54868,-14.458649,9.474144
-413.30527,-14.430393,-7.207151
204.62383,-14.3006935,-7.471904
14.778645,-35.531483,-7.1461005
478.61823,-30.915865,8.313761
482.93835,2.0658221,6.268436
-24.733078,-20.938828,16.108133
402.5337,-27.90726,3.3781934
251.68408,-24.464943,5.158336
309.54102,-22.112808,5.76608
336.83844,-20.185472,9.545836
558.7301,-4.750563,-3.7539577
118.56801,-9.850774,15.406815
376.27936,-5.336938,-11.705192
321.0089,-11.5390835,-0.69175315
254.02254,-24.0451,-1.1362197
349.5515,1.7361643,-1.7692839
32.030323,14.29739,12.328137
-54.738705,-14.756297,0.534627
389.22363,-5.229725,8.84811
-8.055833,-21.651642,-5.515112
326.84003,-28.509527,0.7396312
-78.36714,-30.318888,1.121694
-73.97748,-29.273258,-3.363168
222.55426,-30.350803,-3.5764687
255.60666,-31.115438,2.3604403
108.41809,-22.448637,7.081967
11.871049,-39.988487,-1.86748
269.2496,-26.538397,-5.040387
136.30095,-26.573606,5.721331
476.87164,-31.019577,1.1332676
-87.587425,-15.171195,-5.24177
549.91754,-13.321492,1.5901927
475.23337,-11.558127,3.0082028
414.88727,-6.6147933,3.337372
411.26428,-8.319505,9.487364
-7.9066057,-0.9283634,1.8093815
-4.100099,0.41259366,6.2640667
279.79178,-32.763847,-0.15797447
278.40356,-39.181015,-1.121669
277.29593,-34.96629,5.5112724
284.29727,-37.190605,2.1893723
57.971313,-37.50417,7.951516
55.497303,-31.762213,11.491796
54.462482,-32.429516,5.0407696
57.94667,-32.610977,17.409986
177.09933,-23.891665,9.162074
367.69968,-13.092953,-7.7216344
363.84192,-8.305272,-8.0622635
230.17828,-25.963335,-5.6672373
334.6949,-23.775833,-1.2206744
261.13513,-20.396368,2.7694285
260.55957,-19.008118,9.250611
313.33237,-10.21101,3.0734513
333.59235,-14.844246,12.796716
545.947,-16.99065,-2.9951282
433.69226,0.06782102,-3.9006193
383.36578,-19.074442,-10.101639
372.38858,-6.4362016,-5.1227827
-89.99777,-21.613777,-3.6715572
414.9362,-33.15265,-3.1798625
559.325,6.2232065,3.0674202
501.30753,-18.889091,2.4355228
355.65848,-23.1053,-1.5581958
384.7192,-18.581614,11.901571
152.96303,-23.910429,8.487964
302.7465,7.485187,5.5866156
369.33087,0.265274,-3.2703183
544.3085,-8.881614,1.9707105
388.553,-13.752629,-2.3391583
488.3807,-1.2186292,2.3881135
-349.7482,16.1743,1.4153327
-422.73288,6.707207,14.59405
-511.43732,9.849174,8.454826
-432.65344,13.912043,1.6274385
-778.6617,3.735427,-9.168059
-340.0227,7.9955573,5.9171886
-445.17874,10.355322,5.302384
-537.98114,5.74742,6.487573
-429.32935,6.216737,10.303862
224.27669,3.642983,12.150081
274.18423,-2.7997727,-0.51278585
346.90146,15.131768,-0.17191325
317.17932,7.747912,-0.11367524
314.56064,3.4028563,-5.1880426
225.68059,4.80273,6.030492
443.47604,13.889523,-7.4688272
303.821,-19.348703,0.9020773
-328.521,20.972357,1.4391528
475.87836,-23.927505,11.157525
483.31018,-28.082104,2.614531
483.04385,-25.3815,9.170339
276.843,-30.3134,-7.069053
273.06177,-34.731525,-3.7459643
400.65573,-21.73167,5.6343565
401.74686,-22.922358,11.808499
185.72827,-25.528751,-0.53415126
361.6087,-2.185607,-11.993602
417.22714,-26.114506,-5.008215
203.865,-35.044403,2.234694
331.25452,-22.530184,5.145997
113.93998,-18.962963,7.854941
36.886486,-27.138489,12.868978
394.2719,-6.8928285,4.7924585
170.49953,-27.851068,4.7871547
98.61515,-30.156078,-8.531575
15.105354,-35.396217,3.2351623
-103.46134,-15.727475,-1.22992
-258.34995,-25.440449,-5.3292665
-68.841125,-26.277111,2.369192
-458.43948,19.554647,1.2854987
-345.477,18.941395,8.48913
-290.82153,23.358458,1.9496012
-20.765467,-15.638108,14.675452
224.4875,-2.3882155,5.0432253
122.33913,0.82084644,3.048232
-195.92961,-7.9777355,-2.9870393
68.02154,-10.463383,0.98175627
-313.26993,4.0493555,-3.76206
19.000536,-11.927963,-12.231593
7.9977303,-5.775645,-7.0244713
11.136841,-0.10340385,-7.8522825
8.382333,-2.7180002,-12.925914
123.321106,5.5502033,7.4685807
-35.834286,0.6321804,-11.115127
-38.71482,3.3123202,-6.530551
-85.93186,24.797073,4.734033
-80.949295,25.05698,1.0451593
125.32723,-3.180824,-8.871409
20.74709,-18.587347,-8.387234
-243.88206,-9.818453,-5.65601
-353.13882,10.871263,0.121023186
-292.98248,12.316038,12.320314
-346.34116,7.7672815,1.7476429
-370.87363,14.375283,-7.3678164
-130.1764,2.7608562,3.528506
26.124285,5.288198,16.95424
-479.5174,3.045272,1.4378595
115.22519,-0.8279813,3.5396655
-129.39748,-15.886759,-5.2398033
-1155.9963,18.808533,-2.402631
-696.38495,9.8035555,-2.110056
-717.83405,14.118903,-6.750494
-755.2583,9.121605,-3.4578242
-868.09247,20.09653,-1.888335
-537.6577,12.500535,8.259237
-623.78754,10.712844,-6.7572994
-796.8973,0.81443954,1.4364247
-800.4728,10.203675,-2.4609964
-762.5979,8.223814,-5.2467265
-847.1222,16.694435,-4.8637114
-703.5869,11.966296,-4.97725
-1009.8542,13.60125,4.0182514
-636.0303,11.105912,-4.867655
-639.5656,6.1766286,-8.632526
-637.45996,-0.022871146,-6.356792
-517.9864,12.857253,6.4868555
-517.20795,16.382143,0.7173389
-722.08075,7.435278,-8.62566
-719.20667,8.066438,6.1757417
-720.1781,9.412878,-1.101404
-718.66437,14.414047,3.7855084
-957.11755,13.013379,-2.8480937
-246.64482,10.631175,0.13513756
-371.78677,8.079916,1.7701942
-235.86543,18.295414,-3.0801125
-563.77386,1.6366571,7.327896
-560.4704,10.514817,-0.46535698
-252.53076,8.761967,-1.2785791
-531.97815,2.173422,3.0609932
-638.94055,5.82214,-1.5950879
322.46292,-4.3742056,-4.7831635
721.76746,-1.6543381,0.41545618
-361.7327,10.486601,2.6873057
499.5769,-10.637258,-7.8837614
20.896318,-11.312154,-6.2303643
-733.9421,8.834691,-8.512883
-751.8998,12.785511,-8.705639
-640.5953,17.789482,-4.8373117
-430.2853,13.296462,12.377895
-1151.7039,17.773056,3.2812107
-336.05344,8.355717,10.75777
-700.26874,16.59133,-0.6152113
-570.1217,7.854133,7.3143425
-528.05725,12.055624,-2.8524728
-968.2822,21.706638,-6.5450945
-395.2115,11.270937,5.823185
-715.2425,18.74872,-1.6607002
-859.8978,18.86921,-4.8225083
-82.627464,-0.815824,-5.953806
-52.246925,-5.5297194,-10.328424
-156.14685,-1.2784036,7.402199
-221.77548,-6.7283115,2.7799518
-82.903275,-3.0169737,-0.06602493
16.6573,-18.433332,0.39271268
-217.48218,-10.654864,-5.1093874
78.95046,-0.40883997,-8.597519
-335.5453,-11.403734,-5.923665
290.7558,-19.84801,-1.7670505
-76.09922,-15.287528,0.7254553
154.22397,-12.079624,1.658636
213.83853,-27.241877,9.775507
210.49612,-3.8045518,3.0543644
206.0879,-4.5412645,8.663097
154.37895,-7.732325,5.853092
697.1474,2.8141432,1.7630084
573.78394,3.8642156,-5.081243
463.82507,5.5141807,-2.0144641
579.4708,4.9098477,-0.5397059
609.24475,17.84031,0.109334774
570.4204,14.716905,0.61440754
716.77216,12.54994,0.78702515
646.8944,23.764156,-2.212758
530.223,16.17161,-1.8882627
600.50256,11.976683,-6.807282
496.7649,20.250315,-8.1376915
503.21954,18.710306,1.024078
709.4625,15.952915,-3.6451857
456.35745,16.935307,-8.203043
567.0075,11.332986,-5.4547367
320.97336,15.468446,-9.581615
-30.425613,-1.0736912,0.06681055
33.951042,10.6321745,-6.121891
-53.409164,-7.499885,1.5803975
19.798046,-21.510271,4.1929073
-306.7171,2.8801546,-11.414891
-238.35294,9.460694,18.795506
-447.55832,8.641306,-1.1778306
-83.84484,-7.5844426,-6.376068
-252.69016,-15.189838,-17.053932
123.80789,16.329985,-4.7071214
47.016308,-3.045356,-17.320465
54.63923,-0.9010425,0.693823
409.55908,-27.230904,-3.2085667
-44.280334,-25.501015,4.0718336
-275.4803,-23.138802,11.203711
-293.4157,-21.670069,9.348355
-99.91836,-16.562355,-8.28084
-108.20047,-12.951083,-4.3002033
-188.17015,-18.511108,-10.495974
-156.12172,-20.47446,3.6214156
-152.58807,-20.385857,-2.6124115
-561.5123,-0.55162793,-11.495478
-788.67633,14.42148,6.115004
-784.1261,19.684366,6.011589
-318.56363,-18.478395,-1.710004
-113.30283,-24.714283,1.6103023
-725.60583,11.979531,-4.562148
-184.47249,5.3758335,-0.43245977
-297.8001,-3.4069998,3.5354996
-892.22833,13.124997,-1.157646
-426.05795,11.160443,-2.524969
-313.18427,3.1788442,-15.206047
36.211987,17.573053,-7.931707
-172.31815,0.6559633,8.540773
-760.5502,4.686901,0.35263777
282.11038,-0.9786885,-3.8236556
110.77911,-6.203612,-1.0145758
403.78198,-12.521214,13.127769
-529.40125,4.027094,-3.460343
-462.49857,1.117761,2.1211872
-42.033283,-7.12016,0.6106307
-28.581863,-2.6203382,6.9143715
-195.56941,-11.300616,-8.991281
-340.77353,-4.3443007,-2.3168838
-687.84796,10.476993,3.534538
110.703636,15.673732,-7.437704
-753.08734,5.4514194,5.2033224
-204.63405,19.915342,-4.872486
362.22284,-19.628527,-1.6750451
-740.15533,11.49851,-10.79516
90.6995,-25.73645,-1.1416439
144.435,-3.9743927,-10.125972
361.507,-12.859032,-13.497105
263.12262,2.9756193,4.0203085
273.3862,-10.799624,1.129886
172.17628,-4.8345237,12.977962
318.1276,-5.2017508,-10.856784
386.27902,-12.989017,-10.171794
358.18362,-7.7624907,-3.010563
458.1552,-15.479967,2.3868766
138.76826,-29.398792,-2.9657776
1107.472,37.55138,11.728676
1640.2261,40.9084,6.8405695
92.499504,-26.860306,-9.9241495
33.326263,-15.581975,2.4949403
-5.479431,-6.1867876,-2.6435492
232.71947,-3.9303355,1.699285
57.042736,0.86908156,10.48766
-449.31485,-9.750723,0.37254685
-473.97522,-6.1191177,-6.8648877
84.91078,-30.689215,2.1721299
-603.35754,-6.9460125,0.7129916
-132.94153,-17.996365,3.6283352
187.24406,-0.67561054,-5.1341653
14.606859,-8.847466,2.7969816
91.95863,-13.313021,10.617201
94.756645,-9.826167,5.7007527
218.3718,-5.385893,5.5008492
44.496925,9.077952,4.601691
-55.31422,-13.183243,-6.032829
-4.617582,5.9871044,-0.23499441
-104.792114,-8.487391,0.82032734
-513.3863,-1.3446486,3.3903978
-10.706601,-9.72893,0.549849
-198.24509,0.39115173,-13.542854
-124.45711,-7.993894,7.1788545
-354.9633,4.8139124,7.862691
229.3721,1.9243017,-0.5455386
287.9478,2.8700054,-2.6630065
166.21674,-20.878372,-5.1483545
-357.08438,5.5513296,1.6283879
115.46902,0.8235914,9.619365
326.82187,-19.637865,-11.257038
380.96124,-10.215148,-13.502843
219.20753,-12.852401,8.370731
279.19843,-11.179447,-5.1805806
187.83601,-15.221316,7.1148815
234.97911,-17.745022,-2.2769136
290.1344,-13.368845,1.0062042
-63.149845,-17.59441,9.247607
234.95224,-20.675337,-8.026775
39.296265,17.696682,13.06917
35.82076,18.951258,8.13536
98.358315,-14.337973,-8.744888
437.98395,-17.55016,-5.413317
368.302,-2.6896749,9.468924
407.593,6.2930956,7.039879
170.7485,-22.480902,0.13450074
109.26267,-13.693887,3.5641084
-90.26143,-9.278629,-7.7524686
-352.53766,0.7577761,3.4018211
-277.91916,4.072953,7.058114
285.40497,3.7977998,3.096272
169.98988,-0.52663934,1.8094673
357.37387,-32.054085,15.018589
32.771942,23.902742,6.396717
-290.54602,12.362201,2.6366115
-199.49443,7.294237,-12.093013
-969.9194,17.653118,-0.8727036
-282.42548,4.4822073,11.863116
-272.83316,-6.6527677,-13.404997
-775.224,14.182456,-2.3295481
-644.3006,1.9141086,-4.3515306
-522.0684,-0.91178954,4.241406
-384.65652,-3.614952,12.020624
-456.0573,0.88673514,-1.1594414
-758.03314,10.969,2.912479
-685.8728,3.7851684,4.455533
-392.68683,-0.18365219,11.985583
-441.6097,4.0552053,0.8345434
-334.35397,2.9591534,-1.6185341
402.06903,12.375156,-9.620386
183.86275,7.872734,-6.5107336
142.296,2.68164,-8.3705225
-128.15044,9.322527,1.4659103
25.463434,-8.14087,-9.600551
1.3885008,9.400984,10.814674
-289.54053,9.274631,7.6241326
-248.65448,-15.402112,21.679064
-199.68803,14.742158,-7.7881765
-73.72108,10.181341,1.4288628
-99.66309,20.35946,7.1048107
-343.38834,7.3817887,13.091784
-299.78348,11.248541,5.7788053
-25.312134,11.597434,10.989125
-377.59482,-1.076028,11.88306
-212.7174,-24.574984,-5.896509
-206.88643,-21.594957,-8.694439
-69.11493,-12.967351,8.336837
92.29787,-6.7545424,-3.0974717
97.78684,-6.606738,0.16137874
-38.850277,-12.819744,0.40173855
-79.37502,-13.533572,-4.9140186
-211.61331,-17.647701,-5.7732563
-208.69197,-21.793741,-1.7044086
95.31924,-1.3716773,-2.542227
-40.384285,-11.314133,-5.016733
-77.69663,-8.290977,1.0335431
-215.7216,-9.101062,0.32167873
-512.01337,10.3482065,0.96008456
-662.04004,18.412947,4.145981
-393.8726,5.339732,1.7729113
-482.865,-3.5102098,2.8296382
-678.98926,9.775948,-7.1033196
-655.45166,17.193506,3.7628887
-800.61615,3.2993004,-4.006263
-1149.7085,22.276789,-2.9583423
-572.8682,16.288164,2.0409594
-376.00723,17.204475,-3.1593788
-454.91162,8.522849,0.8018569
-180.53214,18.361935,2.8450232
-467.92694,7.6768064,5.7571125
-133.34303,9.186229,-5.2625012
-413.0425,0.38381118,9.536663
-182.56218,12.277962,2.7990932
-414.9921,-3.816075,3.1385827
-805.67615,8.155941,-7.5765166
-682.92706,6.053862,-1.3918343
488.59778,4.943536,-5.74294
546.0054,-0.65302074,-8.130486
294.89233,7.8897552,9.96842
-133.50563,-19.617153,-9.220696
311.09427,-15.788481,0.1071618
261.3402,22.650503,2.0122757
502.83414,25.811354,6.4728518
653.0652,21.022545,7.820626
810.5365,2.01699,-9.621654
965.17505,38.81574,8.685766
261.05508,18.852207,5.6602454
498.2467,28.550802,4.2178483
650.99615,25.586298,6.0820813
810.5365,2.01699,-9.621654
959.1823,39.62757,5.7952194
1558.1359,37.85754,6.642993
1549.9833,39.430794,7.5302362
1628.6395,33.31011,3.6877642
2484.0903,57.272133,27.690409
1628.9612,41.062527,1.7770118
1639.122,33.00499,6.228153
1549.9833,39.430794,7.5302362
1560.6062,39.52122,-1.3507035
1558.1359,37.85754,6.642993
1632.9932,37.17128,8.902653
-370.99304,-9.1122465,1.0889925
41.937683,16.28966,-3.9238038
-277.16083,-14.548882,11.537992
21.816046,-34.65622,-7.2422876
-314.22128,-0.014906481,-9.450364
-300.93735,-4.081841,-10.654072
-244.99657,7.0264397,21.539053
39.290234,11.572774,-0.5428493
-282.48663,-15.076861,7.739639
-319.7978,0.86918974,-12.465282
19.694567,-38.33499,-1.8160203
-306.67532,-4.0413036,-8.188561
-247.57071,9.43655,15.976516
-20.824717,-3.1219149,14.568393
-350.0992,-20.410347,3.0783467
-37.543358,-24.128319,3.248563
-370.51706,-6.13806,-12.395003
-20.665525,-2.8778954,8.324936
-347.89117,-17.225441,-2.3644218
-34.169167,-28.661953,-0.63225144
-376.26645,-6.216223,-0.4956117
-299.949,-10.2599125,5.3541093
-182.8886,-11.062247,-7.0712547
-398.36075,-16.309502,6.508757
-570.8522,6.2608204,-10.274385
-220.12286,-28.560894,3.0680556
-455.79257,-12.2695675,-1.5235407
-70.182816,-33.929173,1.5226551
-364.40393,-12.426958,-11.975384
-301.92465,-16.522896,1.8149561
-437.3665,-4.3123417,-9.666228
-294.62952,-17.38397,4.521672
-249.10579,-15.554063,8.711471
-263.86673,-23.292538,-1.3178893
-180.17467,-16.690855,-10.947155
-203.23123,-28.443148,4.958
-356.6095,-13.617777,-2.2943506
-265.57327,-22.91161,-7.7111793
-761.3721,17.116611,4.134971
-380.91946,-2.2038245,-2.6067667
-378.1869,-12.789684,-9.844666
-311.89258,-8.290016,-5.7563396
-741.8476,7.420284,6.945914
-371.98343,-13.56898,-12.272327
-802.47974,15.4169445,-7.5477996
-801.0742,15.424043,2.909491
-420.94623,-3.0060494,-10.76768
-796.1088,12.026228,-7.254663
-419.63672,-1.9014586,-4.3228736
-460.35724,-7.3310075,-3.702723
-862.6098,6.6917152,-1.394471
-551.41473,7.8247,-7.3300214
-536.0064,6.549488,-4.9841576
-823.0092,10.369461,-0.30716738
-794.5375,11.693344,1.8896924
-448.62094,-3.1774893,-2.8749506
494.56403,0.32962003,-1.4243261
61.95804,-6.0648,6.492997
421.88538,-6.2660594,2.4502804
496.1746,-3.2999158,-7.186523
-430.0946,0.47846255,4.462286
-500.5087,12.01193,-5.285252
-540.65625,9.306406,0.8805288
-691.2509,5.1271076,-1.1863434
-874.1261,12.96397,-1.7544069
-720.58734,0.11245622,6.998271
-443.4623,0.7488447,-6.523679
-319.73776,-6.1765537,-8.826562
-59.715065,-9.524196,-1.6751078
-526.95734,20.361784,4.322448
-491.6533,-2.3412352,1.1356171
-599.2588,-2.736442,-3.382044
-633.02484,-4.4171505,5.344541
-778.5637,13.736772,5.548441
-632.8427,-7.649004,-0.69934094
-589.1311,-3.5943825,3.4172316
6.095558,-28.89678,2.7240222
-226.22478,-25.925322,7.287488
274.94342,-23.44534,-7.2421484
-300.01743,-16.708178,8.6861515
-285.69534,-8.702524,3.7957225
-337.69235,-7.0392485,12.844897
-266.2511,-12.822767,0.34585002
-118.56096,-18.979908,-0.69644576
320.5219,-27.102818,-1.8094075
390.67636,-0.29919025,4.848473
343.87833,-8.347954,-3.1099508
751.39233,-1.4292716,-2.9315217
292.40686,-30.864489,6.346826
702.1178,-8.4253435,-0.20394078
300.4044,-25.54147,-0.44420564
354.78226,-1.6126928,-12.693899
301.84448,-23.677204,5.763889
-151.62207,-9.662846,7.88135
-294.55185,-9.575811,11.968676
116.6055,-17.596958,15.531223
43.35677,-30.13147,12.685585
485.9336,8.03086,7.0314617
455.074,-24.16711,2.154424
-355.12946,-14.123484,5.9113545
-350.71246,-11.687574,1.7925308
-271.67047,-13.731771,-3.515992
-188.86607,-12.422235,-12.658078
-276.4928,-13.170033,2.8736243
-201.92725,-21.231337,-3.5236363
-256.3735,-18.324984,-4.310478
-176.16862,-9.569773,-9.572365
-376.025,-6.438396,-8.701525
-95.49626,-16.200792,-3.8368237
-394.23605,-16.865284,1.2475463
-278.517,-20.866465,6.340756
30.042181,17.81202,18.629606
-52.903378,-28.546028,-4.4541492
-57.539318,-20.737825,6.50328
295.95737,-11.943603,7.0276604
185.17867,-0.7023006,4.786547
-14.521918,0.9585542,11.21228
98.36635,-23.739529,-12.637054
9.140448,-25.583948,-2.4836063
127.18423,-28.074518,3.9615014
401.1153,16.701078,-4.0630717
-481.17798,-2.645163,-4.0204897
-343.88876,-4.4535294,9.660807
-466.8669,3.89348,-2.3362026
468.73285,-16.85884,0.06330052
1405.3018,44.79054,-8.136566
821.9065,7.902339,-6.0520186
960.3398,32.38307,6.4007964
1403.3538,42.668022,1.8785751
1483.491,45.28596,-0.6997725
1312.9174,44.81232,7.185912
1395.8336,42.68668,0.48704198
878.113,23.85554,-1.783435
881.5203,17.551119,-3.1959243
766.43835,10.56141,-7.919051
566.5692,20.482832,-2.3432446
501.84683,2.214774,-2.782014
1317.5099,43.66695,0.8537389
1312.2732,47.59031,-3.579438
524.27124,19.205822,-4.379471
528.5116,23.37874,0.054550435
807.49506,2.0648222,-2.8138456
436.83926,-25.446249,-3.4931715
11.450943,-21.035952,3.7954934
-156.02371,25.252228,3.049242
-163.63538,-19.717669,3.159241
-777.0761,20.09602,2.4792778
-136.98398,-24.36316,2.041797
-567.0535,2.0807583,-14.116673
-626.46375,-9.271031,4.8410325
-94.23522,-21.335876,-8.814682
144.71721,-22.258709,9.782183
283.99255,-30.060171,4.9602156
218.58685,-28.292143,3.7257054
217.95314,-33.83012,6.7534137
138.53784,-20.889265,11.140507
115.76889,-12.494114,3.371932
-0.19238512,-30.851492,1.6372079
-82.48844,-22.82497,-6.316831
161.00813,-19.63541,-0.9065167
198.91412,-15.808813,-12.0083885
284.2964,-4.225491,2.4023411
265.91846,-16.09687,5.601062
192.7994,-13.567615,0.6596859
186.9733,-12.729615,-1.3754072
-204.21994,3.060591,-0.35085005
-243.79759,9.2032585,-5.9386773
-100.00037,-13.054827,3.3779716
193.88545,-25.139791,-2.9270678
-120.53493,-19.434122,6.097057
122.679474,-21.271618,16.551899
-265.62167,-16.913353,-4.9495015
190.4282,-30.636442,-3.8015757
188.60944,-26.042568,-8.593386
-193.51936,-24.176737,-0.4669934
4.8268833,-29.617197,-4.1966734
-86.914474,-18.525047,-10.51643
-116.0505,-13.58413,1.3224834
-217.38818,-24.747145,8.319676
-49.770714,-23.27036,-0.70859176
-145.48422,-22.989828,-0.34083596
-149.93813,-9.197133,-0.68468726
-152.47295,-13.3537855,-4.447368
-250.76248,-5.2425117,5.465222
-46.70937,-24.721752,-6.517333
-139.32645,-21.679287,-4.21112
-214.97003,-22.031256,2.7672608
-107.29047,-15.152436,4.808966
-179.08908,-13.904804,3.5588624
-209.73553,-22.4399,9.19691
-109.32629,-18.551556,-0.4010369
-173.46834,-11.250235,2.2551792
-211.16173,-17.006506,6.2350674
-272.7734,-19.889637,0.2988175
-305.17752,-10.830644,-8.154248
-42.490723,-19.273169,-8.344864
703.8858,-0.59656686,2.8923583
541.9524,1.3435941,-3.0800717
-188.13646,-20.426126,-3.1764503
-190.95123,-24.235569,-7.8568816
-700.4137,3.7319188,0.8041095
-506.35815,14.502826,-0.877807
-449.7785,3.4768791,-5.1791
-347.3482,4.1668096,6.960156
-579.0988,8.286168,-3.9864428
-517.20605,-0.11924352,-7.3919463
-518.2333,-3.798383,-1.7119529
-586.86066,6.2550545,-5.146233
-585.1715,3.2302806,6.124766
-587.861,2.9955337,0.2455684
-679.4853,8.590418,5.750288
-661.98254,9.863421,1.2471733
-659.5726,8.316874,-5.091592
-318.75394,8.171811,-13.937814
-120.882805,3.7389839,13.208116
-425.10416,10.641416,6.769123
-270.59384,-16.267735,5.5530066
-76.5428,-23.511503,2.9460027
-149.15843,-19.808468,5.0316086
-135.88585,-16.654243,-2.7905102
-506.9236,7.617953,-3.115053
-507.68268,5.7961216,4.4606814
-423.1643,4.7888174,-3.2086108
-417.8255,3.7261677,0.64643204
-423.50623,4.6816163,3.1098247
-486.36237,9.763417,7.6096387
-598.8137,6.02987,6.7221036
548.9013,11.108204,-4.2557106
-198.37132,-26.605028,-7.1321325
-342.44897,-20.444885,2.8852255
-409.97296,-11.127262,-12.650365
-404.5902,-6.7334785,-11.718576
-247.03146,-11.648297,-12.161664
-699.19775,-0.52213097,6.33668
-205.22774,-27.628155,-2.2622309
-424.9071,2.5516424,-15.003774
-429.87872,-1.1344979,-13.995933
-798.0111,18.41294,-3.213313
-621.0203,-3.6570394,-4.229213
-375.4887,-14.569702,4.10312
-880.42017,16.585411,5.6529045
-767.38055,13.836985,-3.1828094
-806.02124,19.21273,-1.8199831
-968.21875,13.675333,4.835176
-562.97485,2.5375621,-2.2158003
-408.8814,5.301069,10.750219
-976.0691,18.365763,-4.9017634
-675.036,10.194543,11.4584465
467.8603,-11.5124855,3.7537389
72.690674,-2.429531,5.9938293
-36.385628,-22.056175,-4.129165
-130.91481,6.8995256,11.811274
-185.85965,17.749712,7.52842
-191.2684,11.128785,3.7478259
-133.56346,8.234268,5.8416643
-127.78532,12.272182,8.19353
-115.173164,15.63389,3.8350635
-202.16301,8.489667,-5.236359
-211.80205,9.979752,-11.151411
-313.48712,14.199616,-12.758629
-382.38647,2.4006605,7.78802
-311.00226,13.725859,-6.7147827
-236.3477,13.940167,10.016894
-370.4808,3.608399,-3.163296
-66.47435,2.5440514,11.905809
-249.8111,17.003141,1.6572123
134.75664,-9.675441,-15.366988
104.146286,9.948111,0.7704986
101.98658,3.6422272,-2.892651
-229.37004,19.495123,7.2720013
51.912872,-2.5053248,6.412742
-616.8574,3.5088015,-3.3315423
35.24366,16.345547,-1.7751334
-130.75456,-1.2946739,-4.5177703
64.16402,-4.455145,-0.53071034
187.94911,13.6806345,-5.7064953
-568.93823,2.487717,1.355431
-567.20386,8.64064,-3.0617828
-650.6584,5.4137607,-1.8551368
-632.6648,4.27534,6.4145327
-633.6031,9.254992,1.7058386
-634.0827,1.9738221,0.37546504
-632.3441,5.0525637,-5.2795744
-725.56104,4.731248,4.045052
-725.86884,4.6803412,-2.7335296
-725.94714,11.4901495,3.1300173
-843.7809,14.337734,1.435364
-899.7223,11.982141,-4.291504
-794.30884,6.023033,-3.4107943
-708.0837,14.635437,0.18301556
-708.2978,7.47217,-7.0315456
-489.65695,8.455384,1.138002
-648.1513,11.331269,3.9590821
-365.9953,11.12646,-4.354154
-353.46338,16.270412,-4.908386
-18.055254,5.3977795,7.581251
-33.527027,5.287715,-0.46687904
30.124971,-7.515448,3.7318618
-163.4824,19.161924,10.572462
26.94174,-7.6800003,9.15467
-250.67276,4.3399677,5.070709
-107.10702,-1.4705607,4.2592664
-264.8959,1.1218021,-9.155557
-712.87933,9.589248,-1.2147452
-711.29016,10.416171,5.1505384
-552.6934,4.8194504,-0.33656883
-959.1458,15.524513,4.4394245
-1010.20917,15.213705,-3.136645
-694.1674,13.3037405,3.3679733
-423.81494,1.5144583,9.224003
-745.3565,2.1566486,-5.037543
-363.436,17.26535,-6.209431
144.51973,-15.26195,3.2394829
-3.3757486,-16.795033,-0.7269158
63.211067,-11.656327,-3.0639024
539.9917,-12.743656,-4.1253004
273.14862,-16.89069,-6.8519163
-245.94609,-3.6118143,-7.54018
440.4027,-1.1719892,-6.719079
381.86096,-25.17414,-2.5744998
78.76728,6.0743337,-3.0069673
-26.432178,-6.8828635,11.535505
274.09274,-19.537598,-1.3495455
286.45135,-7.4951725,-2.551187
745.8886,1.6689041,-1.9182298
108.7946,15.372942,-0.8346926
8.151186,-6.4141,3.0732956
547.77155,-10.592871,-4.8296
-113.53634,-5.579824,6.1635084
362.43896,-12.754176,-2.3628318
366.10657,-5.796138,-2.798232
305.76175,0.025974132,4.012539
188.77681,3.8719122,0.38124657
97.7404,-6.4731264,-7.951577
565.0328,-5.355115,-0.5668053
-372.9297,-1.3803893,5.6295505
629.7142,7.411524,1.1096045
149.02715,3.5783758,-8.507826
-163.14665,9.5997715,3.1514034
369.70435,-11.283195,-1.2956073
110.28192,-2.650416,-6.2552743
209.81825,6.6238484,-7.5409203
263.87012,5.5885677,-2.8314757
383.28967,-17.943388,-3.6885862
575.92706,-8.616663,1.1964394
312.66327,-2.3629,-0.054165144
222.68254,-16.850615,2.9113326
-132.38245,14.678374,-1.0971372
339.38132,-1.2793496,8.623821
267.367,-31.368876,1.3864274
301.6498,-32.788937,1.5674691
50.16001,-37.1025,9.947612
41.850357,16.816206,2.8597589
391.6778,-10.11931,-7.8416557
184.27971,-11.31208,16.328459
233.57892,-18.09376,4.6339474
234.9112,-23.499496,7.8903966
260.51727,-27.74907,12.204124
349.91086,1.9397169,-9.207752
-102.58903,-21.15167,4.8748093
318.5932,-24.640789,-8.231005
395.5392,-9.623076,11.256424
316.66913,-17.426764,-11.227381
317.2628,-14.52626,-6.1372247
-308.0236,10.343326,-13.670119
161.42928,-12.042597,0.5199602
-53.49012,-4.943114,-4.209928
-200.39246,-4.509963,-6.1582127
-430.84613,2.6875985,-2.436189
-430.17804,7.3727193,1.549836
-273.6251,1.0599627,-0.07086203
171.84875,-11.725617,15.562149
173.24576,-11.660972,9.787896
177.58972,-6.895589,8.6995
194.55145,-8.692118,-6.197221
-33.025146,-8.030506,-0.370613
-127.53146,-5.3524456,1.3268087
136.55428,-17.206844,-6.6295915
102.192314,-19.808338,-8.1873
-229.68523,-9.870454,15.799858
-416.9864,-9.653869,-12.810513
183.9226,-5.876198,11.225143
85.69933,-12.6308155,5.328447
26.375525,-0.94646186,6.121344
-160.02945,2.3440027,4.3311033
103.39011,-5.0768166,-4.7176228
159.82036,-13.941313,6.018556
87.923416,-7.077625,8.570726
90.050964,-4.926269,13.944597
117.176994,2.894402,-2.3213615
120.24278,7.7101316,-5.73948
-215.04582,-2.367846,-5.772771
193.46266,10.7317505,-1.9550786
195.14444,11.521766,-7.7168107
164.23383,3.1328237,5.442252
170.23624,3.7741997,8.29511
75.42409,13.701247,-2.4984882
-75.37597,-23.606861,10.349965
-69.005844,-25.473568,10.704222
289.0665,-18.773575,5.3527026
84.12972,-27.430706,-7.430321
84.2442,-21.941128,-5.5287223
-493.2208,-8.476908,-5.789777
-131.12344,-22.389555,-3.6324677
-231.70189,-10.053375,9.036848
-219.6079,-14.252228,6.0911446
-222.20212,-19.706524,5.645713
-222.31088,-16.227383,0.13306409
-82.045845,-19.160143,-0.5206863
-176.07693,-4.4609227,-4.2041073
24.336733,-29.437763,-3.3236403
-82.64191,-11.904927,-0.107665
-80.90905,-13.569283,5.5578356
-68.38067,-19.642931,13.7976675
-73.78833,-16.839478,12.07162
-70.60142,-19.62999,7.2063713
239.07126,-20.89262,2.0340335
239.10999,-23.966389,-3.7520044
26.037695,18.043333,11.929168
-295.45874,-16.316605,14.592056
-374.99396,-20.704185,0.9032773
-371.9379,-18.280672,-4.481014
-198.12534,-30.774767,-0.62471014
-201.7004,-33.407894,-5.416294
-336.01257,-11.60176,6.380236
-258.62433,-14.1118965,-13.184618
-271.19324,-7.816564,-6.9858365
-595.24786,5.184021,-4.6957245
-595.67017,2.0857527,1.2229062
-668.782,8.93607,0.5976535
-602.3865,3.475137,0.28826275
632.0414,1.6150458,-1.8543166
81.89321,-25.220083,6.414739
-664.2893,3.4061158,-3.1196582
-658.48083,3.6819372,1.4271176
-481.04123,-9.323298,-6.6758547
-1003.7014,24.415182,0.2995471
-363.22354,9.346657,-10.518032
-861.2595,10.980929,-8.174674
-205.82483,-11.742605,6.341062
-705.11774,3.5734887,6.6445036
-30.3991,-7.2755613,18.213306
-711.0873,0.5997569,-2.902218
-703.7353,0.44047076,-4.1748037
-705.517,-1.883855,2.131751
-1279.9104,19.390764,3.3691695
-793.0077,18.294207,1.4902312
-1277.9249,13.115284,0.8975674
-748.4939,10.570181,8.744979
-711.8516,2.8545363,4.090273
256.9036,-18.015501,-3.86148
-1009.98303,22.899433,-3.3164015
-747.3795,16.718678,4.4508786
-871.9022,16.275211,4.1094356
-871.9022,16.275211,4.1094356
-710.5286,14.061026,-6.8548355
-1284.3688,12.638982,3.6093879
-567.4913,0.880172,-6.661813
-877.10974,19.566454,-0.85668194
-607.16516,-1.4794369,-0.39451098
-734.28864,6.8135347,5.0982714
-573.95056,3.3378255,-3.461328
-1149.7101,14.888496,-3.4532044
-1286.1915,18.461367,0.6148941
-1145.4705,21.295729,2.471236
-316.33466,-12.656029,-9.514181
246.43648,-21.710144,-0.67842555
192.75746,-15.470715,-6.1111465
-179.37314,-7.4408236,2.626284
-203.65898,-21.382757,3.2153294
-620.8162,-4.9893074,2.6598263
-6.7061396,-22.750248,1.876198
52.679554,-17.27336,11.115143
-662.7495,-2.2505777,2.6412256
-35.219994,-7.714257,-8.773538
-131.5195,-11.006215,-9.280835
14.150822,-26.559757,4.438362
-195.011,-18.04093,-12.276766
246.61823,-4.8826246,-11.749589
178.43633,-8.482893,15.546142
-333.17175,-2.2555447,-4.405746
-253.12132,-7.851027,-21.41903
-644.7677,5.7443795,2.1087315
-722.54895,17.586441,-1.6402661
-962.657,24.08374,-1.3859389
-1011.3659,21.254486,3.561933
-647.18726,-1.2679166,1.4916131
-719.91437,0.040491074,-5.4338484
12.084499,24.13229,-6.812583
-325.39236,18.566507,6.8021355
471.64713,-0.81096786,-3.4943469
802.46326,16.074635,-3.1269321
415.5436,-27.941542,1.5032053
-12.931226,1.0455327,-2.8506224
657.92865,-0.14459461,0.36821693
-275.7531,22.409176,-3.352225
-138.21234,22.397722,-0.46102566
5.5114374,27.71491,1.5879976
249.58673,12.839938,-1.4117222
252.14433,13.222179,-7.693582
-281.34128,24.48416,-1.0680649
-34.69625,34.773228,-3.3687136
193.83586,20.001328,-6.4676023
269.1304,16.146551,-4.169458
39.664326,-16.87926,-17.188585
391.19586,18.287935,-3.6805387
-531.1336,19.434736,9.934924
2.5380619,28.292103,-4.2626944
403.49585,9.219228,-2.5219634
582.8761,6.479486,-6.2690277
305.0052,18.138416,-7.2253118
-327.105,-5.8830333,-4.582334
-202.35283,1.6731248,-8.228382
-362.3924,5.781998,-3.7160609
-301.38055,-2.1346564,8.595296
-148.20752,-0.035508897,-6.457569
-410.45428,-3.8953474,-10.29577
-276.4443,-12.112547,-7.894029
-292.3,-7.2851453,17.58429
-71.10014,21.023825,1.2027777
61.89875,31.223146,-3.273887
422.62787,10.598456,-4.764127
441.09265,1.7903309,-0.5794109
331.28815,9.518182,-5.248374
36.301918,-13.382846,-10.425777
438.17294,5.8774323,-5.3184686
560.6,6.044703,-3.863084
654.2503,14.526647,0.75594807
589.3269,8.846784,-3.3899632
555.5935,8.786181,-6.786414
509.5741,12.818314,-5.9209228
335.4828,15.385315,-4.1779313
270.83853,8.517771,-3.710996
286.17154,21.386486,0.1297214
-39.061886,34.147423,-8.675559
308.07382,21.734432,-3.706836
253.9757,19.511137,-4.3607802
256.23126,14.855533,-0.7763721
283.7176,15.262581,-3.7785013
242.14247,12.650942,-2.889819
-146.05446,28.346653,-1.3407536
701.8535,12.443517,-1.5260407
767.3062,14.772646,-1.3590707
637.26636,7.938661,-0.25622907
652.3979,-3.0603764,5.2691007
457.7607,-5.841838,-6.555319
498.7943,-17.870455,-6.243591
365.088,-27.736197,7.0818663
650.20215,17.17547,-5.232404
509.8558,19.332155,-3.8052454
511.2115,15.191074,0.8207876
298.6706,22.562208,-9.2869625
572.93677,22.349194,0.1143972
706.25665,10.01058,-7.8000946
-33.922047,29.324541,-8.711029
395.23813,15.629929,-9.084829
-285.69687,24.037653,-6.075585
652.87506,8.246459,4.459616
434.33264,11.150117,-2.646603
528.5043,14.9662695,-8.476132
524.8118,18.101772,2.886453
474.8504,16.742964,-2.7947319
596.8559,17.398792,-2.3816338
496.6065,20.090244,3.9384015
586.4357,17.003471,-6.618696
491.39746,17.824898,-0.05034735
429.629,13.573097,-6.916743
590.0922,14.739419,1.2417408
583.61206,13.255271,-0.80438286
543.42523,19.414467,-2.6251068
330.70535,3.232529,-14.587555
213.414,4.634558,0.052424803
579.84125,19.036829,-2.4662225
114.437515,23.22414,-0.37016582
579.5322,14.026409,-7.350027
590.0764,5.593654,2.8046458
451.97433,4.522508,0.06710435
507.88037,6.2319436,-5.5904913
644.89886,-1.1144903,-4.414466
577.46533,-11.794942,-5.0813365
449.70773,-9.491002,-6.9855638
607.25745,-5.0547576,-2.8578196
446.6025,-10.198886,0.4699574
306.975,2.1873803,-3.1775007
-275.7958,15.680656,0.62454945
583.8858,0.05952538,-3.9971538
590.2816,-3.7447948,-4.438731
638.9169,15.199771,1.7057247
506.24448,-2.745495,-0.718906
-188.44702,16.729492,-0.10841785
534.91864,2.2000773,-4.5279794
203.43811,21.409067,-6.81621
625.96014,4.2141027,-4.986636
596.78516,-3.4947999,-5.186359
595.06396,-3.8639474,1.4633982
500.27368,-4.6747007,-1.2629839
601.22156,-2.030487,0.32736656
712.60925,3.9039013,-7.766708
-133.64674,18.721527,5.1438384
551.552,6.3640556,2.2820752
469.68826,-9.380653,-2.868945
541.483,12.750994,-4.0394306
162.30646,3.6565068,-5.096282
606.30707,15.493537,-5.8840833
378.44308,14.817284,-8.237351
815.72125,7.187617,3.5943813
700.6911,17.35808,-6.7985654
497.23,15.143047,-2.0023282
380.51654,15.463518,-2.2826643
501.68506,-24.001333,-3.1701713
294.838,8.029251,-2.4883506
815.92035,3.951015,-2.3092813
814.3397,9.607062,-6.1677504
-117.545425,15.716401,-2.7719014
772.5763,8.816143,-2.1291628
811.2506,12.906357,-0.4372895
451.6852,-1.5039098,-5.2980337
726.8126,4.3683615,1.7639681
378.60602,21.422926,-0.37001443
694.6826,14.050889,-2.9067109
-151.82465,23.613556,-5.7684107
-116.21803,27.7206,-4.2156796
-29.486042,34.641724,-7.041075
725.1885,10.431222,-7.1893525
521.5172,11.690444,-1.5664325
826.3507,13.328443,-3.3918552
759.9533,0.7385693,-0.968184
808.4104,7.4117117,2.6210582
763.85223,8.45601,-1.6651025
203.16257,6.803085,-11.74132
828.6593,13.293646,3.5580297
818.4985,12.461669,-0.9412191
809.57837,15.1751,-7.3029103
807.99097,19.2968,1.5336093
724.43915,3.4130096,-4.9738374
823.57275,7.344109,1.1701434
811.0813,12.90368,6.6328516
885.8009,24.197702,-4.2694087
391.53342,-17.85507,14.121332
613.4882,12.542471,-3.0035894
375.78604,-27.941591,-3.428053
372.06824,1.8605096,3.5762463
649.32465,10.629307,-1.9206574
354.973,20.510166,-2.5309947
195.84624,4.6210003,-12.428158
710.45984,-2.4093835,1.5013416
214.81961,14.518261,-8.37181
145.07095,4.053471,-2.4438822
-458.68454,15.6244755,6.3278503
91.848495,1.350382,9.844608
232.44064,18.746449,-4.8112555
217.20166,19.849627,-5.8401594
376.3669,1.9566517,-1.0029352
-322.15228,16.847239,0.08109173
465.10526,-3.461626,-2.3242598
240.10042,18.827087,-6.99396
445.62668,16.976263,0.73705316
18.879736,4.006569,-12.702817
330.46344,26.239296,-6.2720423
420.44464,0.31958035,1.3138301
224.4596,10.647251,2.5826397
-259.04736,5.1582713,-18.138435
270.22906,2.8167596,1.3264534
326.217,-0.94765353,-10.010697
-239.54556,30.250254,-0.9725138
293.21188,7.8588953,3.6187813
-84.721405,12.237423,-6.6974764
35.207172,-22.037727,-15.855073
296.941,16.100111,-4.314508
693.6749,-3.0734148,-1.8797882
378.3522,22.609346,-7.8827453
700.9071,5.810263,-3.634196
618.0323,7.4322515,-5.4109197
643.1073,4.814231,0.054318618
-110.08423,29.383076,-1.6435031
723.97516,10.769021,-0.076153316
716.58435,-2.5122066,-4.596198
718.5447,8.040017,-4.289731
264.54608,13.721978,-0.41901967
101.789986,18.213755,0.017576491
246.46593,7.376917,-3.9755206
612.5804,5.323628,-1.1875399
820.1997,15.295194,-7.304213
814.08606,18.805302,-3.425718
730.6745,7.792788,-3.2093318
291.1922,20.588097,-6.8383927
820.6819,12.917077,5.697466
750.0395,10.946885,-1.3012924
697.58514,9.490239,-7.987516
693.6891,6.6301203,-3.0518463
263.09903,17.812996,-5.0523314
386.60437,12.421226,-4.0536914
645.76886,10.494446,4.0612526
697.0234,9.70052,2.5836015
386.14844,17.490202,0.9462152
646.564,11.87901,-8.999401
502.75116,16.83866,-6.0830307
768.2216,9.940006,4.267396
768.02405,2.9080756,1.7424314
373.6175,17.156788,-3.613746
768.15106,3.3698084,-5.4133224
488.3644,19.572939,-6.9151683
469.86575,-4.7342467,2.7656376
632.017,8.502072,-5.4975424
589.5254,20.823565,-2.115378
661.76276,7.338584,1.935679
602.3747,7.5227427,-0.4953919
544.9051,13.247995,1.9213411
332.69556,21.69292,-1.7290411
373.93515,10.059045,-1.2631673
-39.434258,29.029968,-2.758492
453.84662,18.317286,-0.87461525
68.88729,30.35478,-4.266465
-42.460457,28.691961,-8.371025
-43.281677,33.87479,-3.8769085
326.3656,21.764357,-10.138779
409.91464,9.22924,-9.433563
333.81174,20.75562,-8.775803
53.881657,21.5538,-15.470806
287.3653,26.495731,-4.867735
384.24274,23.297615,-4.0353723
68.966194,22.813354,-9.767893
12.675287,16.172993,-8.665097
593.1498,12.998831,-6.84935
714.67285,2.7182884,-0.86242414
226.6656,17.804533,-6.1061983
454.4704,10.864611,-4.3740616
759.3104,13.222579,-5.3082166
-117.95174,21.611994,0.78191924
290.06323,13.719155,5.377523
328.53,17.754454,-5.1850014
396.95453,11.350347,-3.3932312
595.3142,10.283672,-0.41093856
65.10954,29.63608,-10.288574
324.28577,22.489948,-3.7758577
66.03658,35.673462,-7.1947975
346.27972,21.821152,0.17856006
341.32877,22.257078,-4.7511215
460.98395,17.23858,-2.4786887
534.71295,11.004973,-2.3188038
710.2018,8.482843,-2.127479
58.193993,30.497551,-8.974295
708.6868,12.666399,3.0873804
450.54257,12.087108,-10.193048
-46.247604,27.982367,-2.8169515
451.02307,11.762464,2.2189445
283.3415,21.674927,-6.9587936
245.9543,18.590746,-4.275714
575.6276,10.778222,-2.6929002
655.92065,6.8274693,-1.7072963
528.15894,8.425169,-3.4228055
653.5195,9.739527,-7.7002683
538.2302,14.848824,2.0665948
711.16034,6.1986527,4.6421633
449.0607,13.916191,-3.8920054
608.2326,8.796341,-5.287509
385.06442,17.773283,-8.016697
593.98206,3.424321,-2.1098552
348.78278,20.025347,-5.576579
61.47423,25.391016,-5.848018
238.88002,6.5112925,-1.6437527
642.3179,19.08246,-4.4594646
483.1033,18.145859,-2.881411
646.6442,16.73026,1.348151
642.9682,12.446318,-3.3788123
248.42973,5.405929,-10.211198
573.4838,16.373295,-5.5833983
-72.768524,12.956879,-4.4047146
806.13513,9.686276,-4.2470217
883.2726,21.58874,3.133642
799.70184,8.721775,-0.9951395
581.47076,-3.622433,1.8569536
757.995,12.786404,2.1842244
459.30707,11.520966,0.8819373
461.0336,11.109198,-6.4488587
761.27216,6.153573,4.560099
-99.267845,26.455248,1.055814
554.7258,12.106082,-0.37593338
600.22253,4.582621,-6.269257
753.85425,8.122293,-7.790612
332.63364,11.087963,-10.9148445
458.7521,0.4485849,-2.257842
602.8718,14.611251,0.21392474
152.3879,2.6757014,1.2640792
434.44226,4.9327545,0.71123016
154.43623,5.2976933,-4.3395815
377.0959,-0.94599897,5.77304
425.56155,-3.2362947,-2.6329033
-29.766441,25.379995,-2.7956245
500.96622,-12.670484,-1.7324448
156.99332,-0.42119074,-1.9518923
528.7552,11.697514,3.0445726
376.18655,-21.360512,-2.5060315
647.7133,4.886072,-6.145221
298.32242,3.3084288,2.2201033
504.9641,11.814962,-1.1391788
756.9962,7.1667624,-1.9035102
532.0296,17.42665,4.832695
-246.08179,4.624035,-14.034491
-410.51904,3.5084333,4.853643
-387.79367,13.407036,6.6130943
-241.58253,14.663598,15.562172
-209.6729,2.3182228,3.402556
-280.9633,12.281065,-2.0270648
-553.6373,12.828562,-1.1171277
42.97235,2.8267806,1.6406105
-63.33697,15.437819,9.638036
-588.017,10.416801,8.011212
188.52867,4.6439953,-12.935072
237.67351,-32.75142,-3.797006
-100.32783,-10.298576,-4.0342994
418.3141,-29.603857,7.463639
450.6651,-29.634329,0.058542814
191.06824,-21.08222,2.8259554
419.2254,-23.419529,10.599786
419.9006,-20.56131,0.06672068
-182.63757,-8.949178,-13.268431
120.99332,-22.835857,4.9723005
424.738,-25.757969,4.4366674
189.16643,-20.313126,-3.5470655
338.08997,-7.639942,4.2841406
416.89154,-35.099796,3.3665648
431.2122,-29.487774,0.97453517
447.2984,-28.908724,-5.7452474
205.40349,-32.47183,-4.098591
471.74783,-28.095455,6.70317
349.3831,-16.466967,8.536961
332.7116,-15.197038,6.22283
638.5652,-3.7687795,4.7872496
477.38242,-25.062994,4.6345315
425.80667,-23.858816,-2.243068
-39.72177,-30.79037,3.7341833
5.4557734,-35.206482,1.1361825
200.23795,-29.923782,5.3563313
304.52658,-29.312958,7.194434
451.9176,-18.22167,4.2710648
285.53186,-23.903126,1.8459134
110.22245,-19.473604,13.235942
92.74583,-13.51024,1.2359736
349.4551,-13.5261135,-1.6688721
422.24136,-30.847439,-0.07281064
707.8234,-6.3771396,-4.129522
412.4318,-27.558,11.666682
592.4273,-13.47847,-3.4117558
342.78867,-20.08152,4.335386
387.778,-7.22831,1.0379765
479.5019,-23.177662,-1.3933406
317.6419,-15.61329,2.3327541
344.83325,-7.8797545,8.969515
31.815405,22.004221,13.564525
344.01382,-18.491686,-1.9926271
192.69437,-15.757365,-14.053109
284.8443,-25.658386,-6.259087
345.2287,-2.1933017,-5.589053
411.50394,-33.46492,8.02772
304.5839,-17.237116,7.5840397
-106.07728,-25.78564,1.1069219
-29.244009,-16.76023,2.1731813
238.88957,-28.360912,2.1530714
-213.35948,-6.5675306,7.1072865
224.51274,-24.957165,0.13318196
47.173767,-27.308882,18.16168
250.82304,-15.99166,7.1157637
489.26624,-8.712125,4.20848
350.4295,-5.8632836,-8.484523
413.1828,-21.281748,-1.7658752
-40.90309,-28.564056,-2.537261
293.1815,-25.210634,3.0556865
350.15848,-5.1223683,-1.4924957
215.44962,-28.330446,-2.188034
408.72934,-33.167126,1.6689191
344.05927,-3.5916626,2.4791102
211.36133,-31.80257,3.2665215
155.78253,-31.500776,-0.86258924
-161.32115,-6.5758266,-1.668796
158.04442,-26.99574,3.8478608
217.56482,-34.403797,0.052588783
-27.89399,-23.617718,2.2679543
-55.00223,-20.918564,-7.334035
11.439841,-32.047928,-2.1931412
-170.03352,-16.623856,13.42
-246.70222,-12.202319,2.6071827
295.5661,-25.287361,9.37767
326.38623,-25.79686,-5.9266863
583.4817,-9.026317,-2.6399605
206.58253,-18.056406,2.5605743
-176.35513,-13.939181,10.808931
-454.2571,-3.943705,-7.215141
233.07716,-24.68343,0.3650895
490.91687,4.9025617,1.7998235
493.1403,-8.172234,9.685704
-369.89426,-10.196421,-6.600342
-305.66467,-7.777552,-1.2685199
-285.6312,-9.420115,16.189835
-250.56973,-21.880102,-6.5804114
39.380527,24.330307,9.442108
80.467674,-26.197176,-0.54225963
296.86478,-19.36172,3.8232954
-176.57812,-12.50666,-3.7717996
-169.8977,-11.784272,9.148453
117.99154,-24.26066,12.277691
-246.07936,-0.8981991,20.487843
-245.6832,2.9922895,15.14311
171.42802,-20.686068,10.542512
-114.70642,-18.26786,5.798363
200.9156,-23.734339,1.9825163
140.2341,-27.253395,11.711376
578.8693,-15.530365,0.3827755
-304.82913,-1.6784276,1.4900532
129.01291,-21.14262,-4.783496
355.1183,-0.9416696,-5.891108
42.08481,-23.206163,14.86871
304.6967,-22.910349,11.571017
387.86945,-2.8892117,-4.9795322
40.122818,-23.372591,8.189463
261.68848,-31.724918,6.4669743
157.096,-29.309008,10.23092
443.36694,-23.121632,-4.8876486
134.99725,-23.898474,-1.767233
198.59354,-32.098484,-1.2285728
393.85764,-2.9699683,-0.17379713
337.63596,-8.674616,11.063278
350.9915,-10.400084,5.6006722
121.92131,-18.82261,10.242661
-300.83072,-4.103506,-3.5472314
1077.7252,29.115816,1.9565053
357.01712,-8.9123955,-11.558204
321.77707,-11.239399,-14.192056
319.0017,0.7724187,-0.86959064
415.25198,-22.63371,5.3386726
440.135,-9.223725,-3.0393884
208.40549,1.868589,6.2599587
76.64714,-30.796648,3.4510205
65.43097,-15.714226,8.251973
181.4389,-12.501712,10.502048
149.09769,-8.881344,1.1014007
271.9246,0.7259129,-5.6066723
706.627,1.9703994,-3.2167952
376.74338,7.782485,4.838998
309.78836,7.2584877,-7.6606603
313.30017,1.1368414,-11.147837
96.14048,-7.340747,11.864433
-889.38666,6.6731887,0.6139586
-1004.21674,18.408829,4.372185
-815.5649,4.6739807,0.64759344
-881.42377,13.050809,-0.11882205
-595.99725,12.538126,5.9796977
-682.99005,13.214031,-0.8289342
-817.80273,13.752776,-5.3639417
-354.36127,22.064938,0.17861025
-752.5598,16.039732,-1.8088392
-352.62216,21.201708,6.2540536
-813.9543,11.151286,-0.3705215
-668.4331,16.008303,0.83714855
-421.31702,12.779132,12.376423
-752.42053,3.0445838,-1.7252077
-1003.48615,12.701006,-0.60419583
-960.0633,18.77594,-7.1832604
169.58894,7.5609684,3.1366155
-219.0262,12.003805,-11.219781
410.694,-15.302288,13.314103
-64.01848,-31.088612,-1.1237969
-381.40308,-11.857701,2.5955565
25.852213,12.3549,15.239357
-88.96715,-8.065517,-0.25568125
26.922516,-37.392746,-2.4405136
6.743614,-36.73162,-6.3486056
-723.82465,-2.0633018,0.5962182
-403.987,-13.777929,-10.201831
150.09177,-13.639674,7.3854976
650.02594,1.8900443,0.41220197
308.96762,-3.588746,-5.8146477
644.55707,-5.155841,1.3078634
644.4021,-0.3764231,5.9851646
352.6041,-21.683056,-6.9296193
320.35968,3.7841961,-7.79933
621.81604,5.840533,0.4604747
497.90836,-13.57361,8.447456
-870.3955,6.330632,-2.1024406
541.1022,-1.741129,3.071523
184.21648,-4.0501537,17.64965
-106.537155,17.132256,5.8115087
-572.7614,9.047979,0.62147325
-486.75745,1.9591782,-1.426468
-305.31143,1.6608068,-4.7383432
61.78398,-29.826204,8.251767
-221.33417,16.905413,0.28301078
55.110836,4.401027,-15.123899
-81.27955,17.250269,-3.1895874
-176.42297,13.128342,6.7162037
23.847883,-4.3423986,-3.8437004
-378.952,8.490828,6.05568
-745.7265,15.104174,-4.2030573
-706.4994,7.1579075,-0.06771933
-0.20287828,-21.506672,2.750834
-116.71764,6.8151727,2.6885724
20.337439,-4.5714965,-13.790928
177.52103,9.6789,-2.9112601
-418.6213,6.9169993,8.289966
293.41138,21.908937,0.033105984
-855.22266,7.1642904,-5.704683
124.43468,-9.923499,-10.555921
-472.97787,6.6220474,0.8967631
328.42804,-20.16846,-2.3948834
-160.63338,8.744109,-3.448005
277.92703,9.781522,-0.17130198
4.286328,0.764855,13.559823
363.77588,-29.875296,14.463318
-244.63904,8.835707,7.6245217
-258.28873,-13.250227,-20.254097
-247.65182,-19.868887,2.9732664
409.62973,-26.341059,4.4140396
205.97778,-28.006014,1.4226773
129.2673,-28.142721,-2.1383336
60.28481,1.523176,4.6090927
-63.358414,2.6369548,5.870107
42.39222,7.6052756,-4.387327
-486.1148,2.9114046,5.222208
32.41235,-3.3421538,-1.6294309
-49.16377,11.714758,-5.925639
-232.7424,1.5337983,15.870229
-228.15047,-0.5881922,-6.4400744
-588.86237,17.230915,2.1966321
247.39716,-14.467557,-6.4293733
69.00508,21.66143,-3.455502
55.535942,14.503244,-11.781011
-476.71423,11.280981,-2.323988
172.80524,-6.440941,-1.103529
123.10994,-31.474148,-1.767745
-401.17593,-8.224304,-3.6990407
-323.49628,-9.201868,0.30635893
-225.44301,-8.125567,10.83777
246.34413,-28.582052,2.2687767
61.806683,11.24722,-13.644239
-449.15298,3.3819485,2.4672651
-240.52797,25.034044,-5.738564
-28.973839,-13.973412,13.871583
-501.2709,6.7338753,7.6229105
91.054344,-2.3734143,2.8793201
9.649155,11.08242,-5.406837
-213.79852,10.402381,-4.748676
-491.47,14.858321,3.6301723
-657.9946,11.595586,7.0492406
-790.2944,14.072383,-3.6088324
-229.92062,-11.054231,1.9604496
14.093859,-9.172401,-5.1148343
439.46863,-17.21893,0.4506695
164.78302,-32.351128,7.8644753
-473.99033,-1.8901813,1.5671338
-966.19006,20.908888,4.7237496
-143.2581,-4.2064962,-4.1759496
118.086525,13.477809,4.9913406
-34.14862,20.32831,-8.337784
-152.25935,14.136353,2.909813
252.1631,-30.41463,8.575318
-233.52216,9.743754,3.0641139
-273.81372,6.0972285,-9.263734
8.133728,7.491875,10.830874
-191.47368,7.897803,-4.0133586
-48.30887,-12.927794,-11.541252
-200.30125,-15.536808,0.32330897
-173.75984,-8.988499,14.678841
-355.60733,14.936946,5.961668
12.336269,-2.480878,7.2703314
253.95409,-6.2095933,3.084195
-210.99202,3.613975,-3.2311738
-57.47186,-14.632275,10.1942
257.3685,-0.13433851,-0.1838908
-271.80667,12.72571,-6.321382
101.792076,9.529537,-10.332624
123.26827,-22.866999,-2.2495148
283.19742,-16.153616,-0.15296118
-456.83676,3.6235354,5.8932095
-254.21034,-18.29056,4.7760363
14.88907,9.625999,-12.170969
-645.81506,11.164627,-2.8762643
104.59202,-26.360834,-5.2682652
379.37173,-13.043683,-7.7481995
-246.39737,22.417751,-3.1054528
-249.2555,15.090765,-5.006649
344.55325,-13.152297,13.455005
74.49847,24.280994,-6.076533
-320.66437,5.494567,-0.15384988
31.665976,15.1200905,3.39756
-169.87755,14.880159,10.26716
-257.16333,-8.300436,-9.213552
-1003.9242,18.709377,-5.416885
-331.81277,14.714596,3.8890243
-594.74664,14.994251,-1.8278368
-325.01987,11.884097,4.6555543
-137.46034,10.067364,0.15733914
-530.1849,9.896272,7.3070617
-249.92831,6.5149946,-7.0155625
-43.87973,4.875305,0.6853223
-247.35815,-16.482067,-2.775157
-208.07848,8.615995,-0.15078592
-146.20734,-6.856424,5.926721
-732.93506,9.410033,-1.6886129
73.32257,-5.280321,0.014779539
130.78464,-7.2452536,-11.011506
40.883877,6.8744817,-11.20744
359.41507,-15.832292,-7.048743
112.72822,1.2616993,-11.562612
186.2761,3.6363668,9.000823
16.115076,11.133913,-4.441481
169.97473,-1.5493618,-5.101489
24.428701,-20.149454,-2.641243
-111.161545,9.54641,-2.5075898
-376.75235,2.8269145,2.2245295
163.76309,-32.534485,1.2128173
238.43306,-0.37895384,1.6498003
-113.227165,1.948624,6.5408745
9.439405,30.21514,-5.0760417
50.992027,7.4399724,-3.4303708
32.467407,8.673166,2.293155
125.078476,-25.221994,11.183795
-340.1282,-17.069576,-2.8721747
-6.954817,18.673958,5.056188
-564.1262,7.012682,3.6979074
203.87747,-5.271227,2.3360777
-43.591335,16.835903,-2.9415295
114.40703,-16.135658,-5.6338663
-551.58777,9.064649,4.9690485
-243.72746,17.391724,5.5851655
-241.96538,19.022152,-7.4604597
344.67334,-11.976525,3.666857
120.93613,-30.19212,7.533497
-157.13132,19.683052,-3.20789
515.73975,19.527763,-1.0571133
-285.04468,16.236324,3.5239446
68.05638,-30.50428,10.183464
-247.04495,4.2685356,-1.1258463
188.41042,-8.486727,4.651877
-414.98474,-7.6064715,-6.35388
502.53232,25.277245,-1.4655949
-675.16644,8.854274,-0.96441567
74.4629,8.369041,-7.919813
-882.8793,6.725215,3.431117
-358.37012,15.865621,-0.43181327
-8.45719,10.799683,3.536077
-143.81317,10.38205,-5.667937
-229.05026,14.158894,2.5671592
98.21287,11.719272,-3.2038546
-813.42535,18.133314,-0.8798254
-645.42346,17.957842,4.027972
-191.69551,9.934255,-10.469954
-42.90914,-21.283731,-1.7413739
-112.295235,20.289831,-3.4726708
65.526566,9.047638,1.2456269
-65.66219,-0.12031043,-0.041728787
-23.19703,17.592545,7.899704
-5.7537384,-11.117581,10.695849
142.88823,-2.1013873,-3.6375551
-525.0061,13.359886,3.1879113
-408.75003,-5.0483475,0.77974343
425.02905,-10.559426,-4.1100016
-18.671074,-8.558922,11.108481
297.54974,-18.684015,10.418487
-239.46187,3.0037506,20.101555
59.075626,7.8328643,3.0460649
234.46333,11.909925,-3.2953517
-323.494,-11.371355,6.6328936
-187.2219,3.0942118,-6.714513
-15.754604,-15.997156,-6.2001534
-289.45685,-14.496931,11.522048
-120.44757,-2.0520513,9.097569
-610.77875,7.064537,-4.4811087
60.131393,24.632202,-13.280086
-376.55136,9.875662,-2.748021
132.0315,-2.459853,-15.698723
-232.4827,24.231312,-4.8260813
-397.81122,-8.905854,2.7627597
60.548653,-23.621063,7.9966135
-381.67154,-9.061334,-4.358512
1054.0715,22.041924,0.4557509
-318.75656,3.114472,6.2281775
102.36339,-20.844862,-1.8468966
63.72212,-26.431393,13.57965
-602.03235,15.110121,2.053706
-1.2986485,13.987813,-1.576619
14.4484215,-18.257278,-7.3945765
38.68207,-0.8374403,-7.3456335
67.062,10.327491,-6.8638988
-7.8503585,12.968703,-2.992118
244.47206,-28.006721,8.452454
-230.57993,10.18254,-3.349306
-221.41411,1.3979537,-8.168115
228.97572,-19.53098,-1.336442
-639.5138,-3.3230448,-0.37399244
-251.63997,6.407272,-18.169912
-28.741695,13.456798,2.0016139
295.63162,-6.0790644,10.427653
264.4897,-15.036856,-1.564009
169.1194,-29.164482,-2.1203587
-9.417954,19.090437,-1.3378413
-184.26051,7.052406,-11.303596
-638.958,7.8442717,6.4276257
-25.355968,6.6718054,6.1406035
51.07722,4.7013535,2.455116
158.0288,-34.718662,5.302011
-502.89822,9.516578,1.6613297
-740.99255,7.636119,-5.0726814
-71.97726,7.9043136,-8.244316
-323.7504,-13.734588,-4.0288353
-177.4774,11.247697,-1.1991899
267.73895,-23.275093,0.99894077
-972.0746,24.210812,0.12499349
-886.1229,10.15185,-4.8128057
-29.070654,3.7895586,-4.5568123
-231.23003,7.3716545,12.8685255
-209.01974,16.21656,-1.3696806
228.98224,-17.422718,-7.422505
-807.20135,11.893193,-0.97852534
247.0336,-27.509344,-3.931305
-174.36996,4.9614797,13.486266
-252.28133,4.5167837,12.891214
60.10198,-27.461147,2.16823
-70.40768,1.64313,4.701024
367.82913,6.7455196,1.8610672
542.0999,-5.8697243,-3.8506267
-32.90863,-15.008198,7.7942643
-192.47678,17.250425,4.9143906
-301.5588,26.500607,-2.8211663
-329.58853,9.034357,1.3127252
65.35088,-32.69424,3.6657667
-105.23568,-0.044428185,-2.5103614
-652.0891,4.2974973,4.9683757
164.32396,-12.680431,-7.2655187
-25.060398,13.637977,-6.192122
130.39288,3.3084705,2.2501996
-297.91162,1.6077253,-4.5406175
-95.772606,20.141983,-2.6744068
-80.81599,17.50372,3.5693426
-269.2125,3.160433,-13.742036
40.156025,-0.7486273,-14.087398
-775.15393,1.2239815,-1.3080169
57.08125,12.456598,-17.790495
-238.62534,5.798978,13.127493
132.71912,7.1057544,-2.5757716
-219.69145,6.190491,0.20741877
142.98709,-27.852371,5.8892198
-89.99638,-3.4494567,-5.3230453
258.88586,-11.869587,4.9191055
-101.11556,11.903376,7.1036415
-229.73485,-20.058561,8.525673
-375.07812,14.428838,2.7172887
-23.601614,22.2203,2.7401743
-972.9811,11.403097,-1.6437193
-23.430325,3.5465305,12.30694
-963.4005,17.188011,-1.1742626
280.85226,-19.473673,-6.2482967
105.6232,-24.49852,-11.522006
-15.30542,-21.631092,-4.1035614
-601.01666,13.451186,-4.9684157
75.97159,-6.9714613,10.525332
194.68355,-0.42478403,-8.01701
-94.10202,6.166819,-0.09292005
18.11978,-3.5504172,-7.5500827
-997.6,18.397627,-0.3096582
359.39862,-29.962416,0.9800243
-585.1774,9.974232,1.2433399
137.56216,-2.7451398,-11.181019
-4.063876,-20.080559,7.5388145
128.25882,-35.653656,-3.4242406
-102.807236,16.288073,-5.5937824
-810.4297,14.374382,-6.870327
80.568214,-32.517406,-2.540597
-69.05925,6.525166,-2.1923928
5.476652,9.9586735,4.621741
110.91115,29.582981,-2.5045512
117.76838,16.795486,-2.3211908
-851.934,13.750547,-0.49617788
74.8548,-6.009904,-7.314216
-168.36269,-5.6701913,11.6940565
302.5073,-11.281281,2.8053777
-108.94143,-23.381437,7.04472
61.86835,5.4726443,-3.3080688
-269.02698,4.677574,-4.6952605
-559.73035,5.2094026,16.041794
-89.49274,-15.496221,1.4452745
-715.085,-3.3817737,1.3108858
-150.84209,21.012058,0.12161438
70.328896,2.7295005,-7.214834
-773.39014,9.725135,-8.766026
-337.76837,-9.605858,0.3234455
-279.54636,2.8134542,0.15347904
405.1897,-29.341396,9.710108
-1017.34766,16.433563,2.172131
116.309235,6.291773,5.4176865
-341.40933,0.62414783,3.6419504
-654.7769,11.27063,0.2984658
760.6676,4.867122,-7.6068473
-854.05536,14.411082,-7.488836
-226.82884,-14.32549,6.1111393
-31.508793,3.16686,6.8054185
-266.80154,8.538999,-10.644315
-500.42746,5.2899404,-4.7449718
49.943096,-26.320204,12.238194
-896.2359,9.120283,3.9267616
-318.61035,-12.318838,2.2924447
-173.01709,-4.2287946,1.5464807
40.309685,-8.456694,-14.018273
-438.19287,-0.023499586,-2.7431326
55.775135,-25.326881,15.809612
-228.43135,13.291358,9.719631
-30.783031,9.897407,7.620036
175.44945,11.170115,3.012889
-275.71802,8.579651,0.5338836
-40.181923,6.2144194,-12.174947
-299.33582,-10.452703,-2.5159254
-145.71375,-14.046231,6.741059
-412.91156,-1.2554296,-3.3567207
-626.85864,7.394026,-0.074138686
42.157356,-7.63361,-6.9020257
-0.31534505,13.806174,5.4475327
-12.359288,6.0959873,1.9230123
63.89864,-20.412117,-0.59958255
250.86354,0.1942309,-6.8167386
13.055602,5.480587,-2.061104
-424.14334,-1.5599078,0.79560524
-269.10526,-3.4012413,5.781338
-48.96259,12.76372,5.7089686
-90.3936,10.347818,4.4815216
-216.64906,-1.2961123,0.45191783
-252.87105,-13.519509,0.40530106
228.08266,-28.320232,4.9043818
964.31433,35.891655,1.4187077
-14.244779,15.388769,2.2858202
47.38312,7.0259533,-8.812268
290.55548,15.943639,-1.0404704
-61.06245,-13.519397,3.9619253
-318.80334,13.773529,-7.76519
-215.46739,4.7637386,-8.546862
-566.3676,13.133601,3.3146446
364.87027,-19.190369,7.299013
-124.63437,-9.815577,-1.8777139
443.5827,-28.28483,0.20870394
-805.4188,-1.0372798,2.7229338
12.879241,10.936906,2.5594866
-223.00761,8.1152525,-5.6719666
-209.5455,-27.195015,3.2118437
55.676994,23.887445,-8.914301
477.82822,-10.497666,-4.0835776
-48.78211,5.234528,-3.6460156
-259.10562,-8.163817,-16.55624
-300.2601,4.444178,1.9292531
-104.30655,21.444809,0.552816
-715.60474,6.3700523,-6.4950213
-694.464,6.379073,5.084815
-72.707794,-29.56042,6.6601515
-167.74947,15.821163,-2.6220596
-472.61792,14.736878,5.0551105
45.685,0.13819738,-10.923805
107.81359,25.272528,1.2410634
-764.67084,10.045762,2.517871
82.36147,-6.879803,12.906116
76.59033,-14.529295,3.758417
-227.38808,7.932485,6.686139
-189.54803,0.30860513,-12.604409
253.82835,7.013784,-4.6193914
-207.04175,12.463648,-6.5507817
-60.9511,-8.650502,8.21363
-52.740284,9.950536,0.20758644
72.35035,7.2850423,-1.6547927
279.5782,-25.967821,-1.9106076
-179.38002,0.8014309,1.4683375
-111.782814,22.293192,2.9187603
-532.9474,9.154236,1.218112
-399.6512,5.363219,4.0340805
68.05066,1.3559272,-1.2883431
223.0641,-23.82896,-6.30106
-56.108505,14.490689,6.3327084
-35.275368,18.817226,-1.8871776
16.79951,-28.684958,-7.9869328
-99.674904,15.819982,1.2941482
217.46162,9.553618,3.1503944
206.36377,7.193377,0.9796108
-402.1802,-7.346936,7.2569947
-1144.9569,14.2067375,1.7582529
67.022575,-4.8177714,-6.1372604
112.14892,7.134801,-7.432745
219.22894,15.919747,1.5347834
-202.39905,19.256422,2.1106222
48.29526,-20.616617,16.34161
231.13885,-9.674074,-1.9090825
283.53555,-33.21057,-5.6536155
-226.7278,15.598453,-4.8068547
-858.61224,12.769435,-1.3161839
183.01219,-19.683748,-5.0438375
-473.88388,1.5805427,-4.0997624
-34.005062,8.062379,-8.577151
-36.48422,10.833951,-3.3747237
-313.39273,7.3549924,-9.342703
-119.22499,-6.258389,3.2327724
113.25664,9.412283,-0.76655775
-1.2789487,-1.5891888,0.042063065
-848.17633,7.8767285,1.8239717
129.13235,0.7660581,-4.273101
-61.64096,7.629678,10.115085
-543.953,9.719714,7.456546
-251.05716,3.9393153,19.73002
3.1972115,16.46835,10.673279
13.152879,16.482561,-1.8294379
1408.2521,38.723534,-3.1356864
1112.5027,38.067944,0.9077979
-526.2768,6.185852,2.2941003
369.414,-6.0250335,-11.472988
325.36032,-15.183464,-6.235612
106.590515,4.4106646,-9.953882
278.68497,8.539098,-6.3061547
-781.1768,10.523444,-0.45609865
-283.62985,7.777222,3.7494886
-878.7699,7.3078995,-3.5044074
-241.91632,22.72631,1.9944726
-2.930283,19.986395,-0.29785526
-20.150991,13.083782,5.199213
258.4393,-25.654795,6.122953
-364.0946,-3.3096669,-9.381708
-200.66399,13.687486,-1.0034649
12.233943,26.950306,-0.52635
278.20023,2.1138585,-9.064541
-746.1496,4.784749,1.4595422
-774.87317,7.4258432,3.442354
287.762,-24.563175,8.8053465
-140.34988,-2.5638945,1.2767882
-665.56537,12.733943,6.901774
79.22894,-8.068033,3.9222379
195.59497,-28.911034,-8.890044
-31.53237,14.305769,-5.4887767
287.38174,9.964522,-0.5506971
316.02682,11.958139,-6.1244917
152.21715,-30.514002,5.128568
-1016.333,19.600525,-4.122939
-59.359535,-2.0769184,5.045736
-6.309687,0.24632002,-5.226801
-122.323586,-0.26481417,3.0460775
13.48108,5.8877497,7.1714196
-900.29785,15.168687,2.9441693
-677.75793,2.2269578,2.810383
45.35434,1.7484082,10.318677
9.04367,-10.931833,8.160129
-163.43481,22.743587,3.6078074
-153.23824,30.16394,-2.166222
-234.13599,24.050615,1.8637605
-166.43571,17.1467,3.3889537
75.42498,-28.668165,-3.5410507
9.199244,14.124563,8.470218
586.3216,-15.841323,1.0744158
-332.74664,-3.1385694,9.734145
-538.01984,0.98293835,-1.4241201
-230.15054,-18.494827,1.875742
110.88076,23.27591,-5.829387
-138.67929,-0.09375256,-8.023587
37.535282,-15.16041,-4.004546
1046.395,20.802479,0.13351755
-142.1414,3.2339554,2.912177
126.76835,-35.064865,3.3690548
1496.5479,42.50781,-2.9527044
-234.29254,1.0384817,10.138642
-72.19995,0.53188056,-5.0745254
-440.82263,7.9523597,-5.253926
1107.1864,41.61596,4.8538637
1109.8309,33.860188,5.9215646
-174.62251,6.114818,0.7531834
-227.52626,20.792868,0.1848633
60.691696,11.829572,-2.3964827
-23.464674,9.670168,0.7160643
-271.90646,-0.3248822,-7.7611933
-135.72455,-6.517879,-4.226984
-855.82916,17.892624,3.8516064
51.301407,9.553554,-14.421712
119.99795,10.493983,0.18481587
307.30444,-26.03122,0.94787973
171.10954,-7.683314,-7.1542115
278.11487,-25.443132,4.832854
-145.15077,-15.187832,-1.0151241
-68.638985,8.127948,6.529989
293.10986,1.4735025,7.3734193
-147.35983,-1.0784105,0.14270537
-556.5239,-0.18737426,3.401334
105.617195,9.909284,-5.574854
-371.3027,-3.2119412,-5.117689
362.44522,-34.928516,10.5265665
36.554855,-3.934113,3.159797
-602.4437,6.1152687,-5.865398
-75.4814,-22.11447,-3.769072
-101.611305,2.6932917,2.932323
82.76887,2.5335526,11.558553
80.23936,-2.5187495,7.537158
47.28789,-27.503271,6.574969
39.910748,-30.216394,6.734703
-660.1402,16.008076,-2.208765
1412.0372,45.596912,-4.7502394
-374.88153,7.384901,-9.113073
100.780334,-0.63598365,-8.899901
17.83908,-31.375246,-1.7671936
166.29596,-6.581867,-3.0813305
-147.68541,9.400608,-0.32205883
-156.02328,8.7007475,1.6154176
-742.7061,11.907521,1.8069189
126.44743,-26.899343,-8.015406
186.29276,-24.193987,6.8681216
5.881572,15.913802,2.2205596
-185.41647,10.145593,-5.9210706
67.921906,14.930368,-2.4197793
37.76397,-7.364801,-2.3064907
471.96332,-25.76897,0.015457148
277.14597,3.1093583,-1.5982842
168.21959,-9.763963,2.314054
219.35876,10.789336,-3.3488152
-159.55576,14.361961,0.77194446
12.418918,-3.1710129,-1.696579
174.27362,4.406734,-0.12992384
332.51776,-22.142216,-8.24058
-75.854645,6.5484333,-3.5222452
-170.34644,22.56066,7.812698
-664.5209,9.046338,13.295579
-640.4069,12.516633,1.4537983
-619.8038,9.946992,-1.6380063
128.16306,7.452131,-6.777658
-297.4623,4.532808,8.488752
-357.41135,9.994939,-5.3878345
304.42737,25.397108,-8.284357
-411.88943,-12.013453,-0.7703079
124.57048,5.711456,-0.09411953
171.43515,-27.318628,11.52877
-483.2825,8.266431,-0.9573241
132.90071,-32.484203,1.055348
-598.34924,9.064621,0.3208032
-600.14954,-2.3420484,5.173345
130.08018,-14.719025,-9.650669
-224.48924,10.237395,0.35689208
-472.3744,2.7499883,6.193447
-376.6887,1.8092048,-6.5767446
-352.09082,3.4242284,-2.6365466
-46.562393,17.815207,-8.332532
-479.1931,8.7655525,5.0678654
-665.35333,12.456771,-5.047168
11.077738,0.19546406,12.739403
-304.7899,14.47696,0.00833282
-591.63586,9.81467,1.2237476
383.26788,-8.14399,-6.3470273
-598.81885,21.611578,-3.267899
-97.71604,-5.748812,0.92908096
1.0895262,20.611008,5.7522173
105.30798,27.065847,-4.30199
-349.47192,10.7556505,7.9398465
438.4508,-24.294352,2.9954212
-109.20943,4.7377815,0.97648257
-779.8677,13.709727,-7.1682396
96.393326,6.311711,-6.1433153
-242.03386,16.733963,-0.85723704
-156.5611,2.569978,-1.5519633
488.84564,2.5630429,9.872535
-612.273,20.20829,-7.5499496
-249.1998,-1.1360463,-14.3873205
240.89537,4.4378023,-8.621904
8.448248,20.724407,5.7878017
-63.971767,8.133783,1.812708
339.0867,-13.962787,1.3962616
-179.30211,6.669644,5.342468
-224.73398,2.376868,-2.178058
46.35387,3.8021894,-16.090914
-438.3107,14.22731,6.916029
31.970304,-11.058588,-2.2703097
190.6367,-1.67135,8.171593
-280.3757,-1.9819639,13.948685
290.51346,13.009132,-6.867974
-334.85422,-16.916954,1.5080066
46.802555,-20.95989,9.592599
425.8985,-11.530246,2.6347995
229.45523,-31.723969,-1.3495221
-576.4526,12.937954,6.7301617
-54.247387,10.474052,10.205965
-443.121,-2.8484704,0.9372824
-31.341791,15.4332285,-11.934261
313.7754,1.2985901,5.2917924
-502.80923,2.696888,1.6819726
-94.30439,21.515974,3.3045552
-141.93605,3.1253507,-3.3704782
-461.28503,8.358715,3.6563487
139.20781,-11.513158,-10.248935
-30.721537,-22.118118,12.866251
-818.14294,13.397142,4.4274364
32.30191,-2.0524158,8.110501
-119.1186,8.0460415,-3.2207391
-125.64729,5.932273,7.2279286
-373.70862,5.2329683,8.2217245
253.95584,-24.1814,11.625813
-91.52507,12.265815,-1.734537
349.2724,-19.95583,2.2726471
13.723335,-6.498797,-11.253083
332.0741,-15.538461,-8.513062
-532.6619,15.494177,2.5051284
474.23462,-18.96059,4.1155815
-84.53559,12.568255,0.46080384
-252.95828,-0.62101114,-19.38486
218.99767,-21.034504,-1.2657784
-390.44772,0.19446778,5.415673
-255.62784,11.160052,-17.333406
431.48926,-22.990751,2.3756301
-21.389868,17.333334,-0.8666179
-810.15625,8.088982,5.1276517
-460.51117,6.9156227,-3.103398
-293.22617,25.85315,-3.5919013
-193.07275,-3.8294353,-8.670866
-77.290886,-4.6221237,-11.677935
71.10287,15.17106,-8.758972
-82.895744,24.236418,-5.2364917
-648.5698,18.682518,-1.7778752
-213.12915,18.92581,-9.35217
-26.643654,21.315762,-8.5220585
-225.54617,-15.545955,12.489063
-808.48395,4.9424696,-1.4889073
-507.56808,-1.1127019,-5.679135
-860.0702,10.047604,5.825939
-279.98303,12.057169,6.565937
-22.849878,2.1216738,0.5441434
-866.9429,10.056715,3.721739
-892.95264,7.7998705,-5.75962
-269.40063,4.954819,6.559537
-177.57245,14.390558,16.297235
-750.36334,10.757899,1.8679942
-554.00037,0.52985847,-6.786084
-557.7508,5.977608,5.8174825
-160.52109,-12.521691,0.78990656
-360.75522,20.985773,5.799571
-488.79556,9.676371,-6.122571
-879.3028,14.426024,-6.89105
-562.91797,6.6305213,-10.035459
-49.709457,4.5534225,4.349812
-544.5284,3.5604749,-7.203119
-493.17795,4.0581994,-3.4853811
-207.69344,16.88375,-12.459565
-402.68454,9.433721,10.875804
104.20907,17.418913,-6.390889
-866.7939,13.222488,-3.2226887
-540.5946,15.56729,2.986793
-182.43265,12.377495,13.58108
-435.15204,7.6395917,6.415882
-754.23,5.198662,-9.732909
-266.52145,-6.9350634,-12.352918
-892.01117,19.25362,2.2082655
-665.39514,4.777135,5.226938
11.308613,-13.194261,-13.528769
-28.289677,19.35303,-2.5917606
-432.88855,8.95568,-4.85667
-9.608977,-12.833658,-5.5572624
-13.297847,14.323642,8.571209
-266.46155,10.728786,-1.9107003
-325.95383,-15.139877,1.7333652
-557.81445,6.3817616,-5.2637897
-862.9551,16.630272,2.76934
-557.68713,12.657158,6.049967
-276.17984,-8.429901,14.247457
-90.39824,25.620262,-2.3646598
-271.3464,9.877608,8.1041
-896.19855,18.73221,-4.0507197
-132.63762,13.292622,13.329431
-192.85085,12.229529,10.402109
26.719538,-13.55383,4.936781
-676.75006,2.936553,-4.7341433
-66.49787,-3.1758819,7.572663
-486.4397,14.767442,-2.348048
-967.3583,14.171811,-6.969504
-180.32512,18.626345,12.32282
-348.52512,-14.90011,7.29987
-891.4603,14.830393,-8.118663
341.15408,-14.323099,8.175102
-788.58185,8.282859,0.27379394
-848.6211,9.369475,-5.2269993
-107.36137,15.5206585,-0.5113351
-329.64185,14.592926,-1.9423497
245.26187,-22.059782,6.0117517
-776.59674,7.2924275,-3.5954647
-144.719,6.1929893,-9.910249
-164.36842,21.103498,-3.0706086
-809.4928,15.279679,4.7869825
-813.3547,7.4715543,-6.491577
-169.57388,22.33664,0.26045412
-748.0975,8.772188,-4.0147676
-104.14708,22.438295,-5.697074
-887.6186,12.995994,4.2143755
-221.51985,13.973795,5.902503
-382.28018,5.856569,0.8273061
-955.2996,20.208824,-0.4633011
-198.29839,20.114439,-2.5911422
-148.11217,15.946952,-4.2457333
-436.8377,2.9562032,-9.505306
-488.32654,-2.899998,-6.780176
-509.30118,-6.176531,-2.5418541
-382.1863,-19.281544,1.7086579
-672.62744,6.0556846,6.0570574
-493.876,14.619105,-3.0008962
-282.99194,-15.824649,15.073879
-32.39279,-28.19813,6.5597034
-58.933487,-7.4557962,-7.9082537
-605.3279,7.1823797,5.0324807
135.08842,-16.602442,-13.364091
-383.9442,-16.30417,-3.7910347
-629.5707,-3.0457265,-5.660525
-495.85785,9.6103115,0.8599341
-391.9897,-13.850936,7.1842375
-64.71298,-31.798931,5.5469546
-136.55219,-27.817429,-5.36317
-494.36386,10.45536,7.7294893
-976.30304,17.611576,3.22868
-521.017,13.338223,-5.1435003
-288.1235,-7.1011643,10.78261
-614.35657,-3.1700559,0.26762995
-161.44527,-15.748279,7.4364448
-581.18524,1.5403107,-1.6006672
-399.7267,-15.208918,-3.5652015
-674.5212,13.43413,4.602784
-520.24023,9.4699545,-0.093792535
-220.96584,-5.218505,-3.1444962
126.239296,-5.416695,-2.9072602
-511.3442,17.336271,5.267329
6.4742775,21.777662,-1.8508054
480.2319,-19.046091,7.854001
492.13287,-14.458233,2.988762
-207.17256,-28.580423,-8.803979
4.9484534,-1.6571703,7.769775
207.96217,-31.697485,8.829946
-562.5546,9.2723,10.891749
-700.991,10.334732,4.552275
-87.58748,19.227255,-0.233923
-88.067024,17.052547,5.656819
-886.65436,17.665451,-2.8126128
-159.35947,13.232038,7.9316063
-246.99321,12.511662,-10.943673
-289.96378,-3.234512,4.847099
-627.2828,-1.7993294,0.6374451
-40.58764,12.677251,-9.623935
-140.72227,-18.347082,2.538591
-690.10425,12.199562,-2.916434
-32.762115,-14.604009,-4.575949
-417.41382,9.198523,-4.275954
-717.6429,2.9552338,0.46158051
-234.26775,-15.79203,12.800703
-359.35956,-14.833125,-9.081352
-69.53714,-6.9026766,-2.1905231
-339.78714,1.0394588,10.329424
-192.7417,-2.7526839,-17.383684
-197.1535,-6.8867674,-14.756632
-88.862564,18.53238,-6.337216
-203.0116,-7.595412,-12.967898
-293.06876,17.361298,7.019978
-782.3662,2.6154933,-2.433436
-611.8833,15.298402,-3.1616256
-282.72174,-1.4085009,7.1193886
51.809475,-3.824039,13.942371
81.559975,-18.115904,2.338715
97.22599,-1.6147048,5.1116457
55.773144,-6.9987645,10.779046
-7.274964,-5.830333,5.6945558
79.26716,-18.32657,8.080538
109.41767,2.995601,-2.8861914
-255.49944,-20.466606,-11.924527
-453.49197,10.717096,7.8246245
-125.961334,10.550293,14.519772
26.706291,10.861703,-0.6608901
-267.69333,-5.274905,-2.5315378
142.12198,-0.9678156,-17.087036
46.352016,-10.041203,-12.407567
-129.8696,20.804195,10.918031
-17.138369,7.77909,13.793889
8.584537,-11.952603,-1.100103
-157.1221,-7.223388,3.2357311
-152.84639,10.842684,-12.474098
483.43784,5.5862694,-0.09391031
60.649265,-14.8195715,2.4194992
75.060745,-21.457151,-0.57869595
169.00748,-15.901665,-1.3026556
-194.47353,-18.71627,-5.6991396
168.49532,2.4716003,-11.463568
-150.76503,6.095319,4.513862
-190.57314,3.4254146,3.561059
-367.97433,17.219622,0.25282753
69.35264,-22.608387,-4.676975
-134.574,1.4421467,8.899533
-451.72638,16.801388,8.09398
-452.36868,14.884171,2.0898776
138.29845,3.3940592,-16.558083
239.18814,10.375881,-11.712562
129.75221,6.0432153,-14.579148
-231.42004,3.5358627,3.0014753
124.15261,-11.680459,8.369325
-111.228096,3.5122976,-7.511362
27.191017,16.189367,-2.4659884
124.25869,-13.844344,14.936922
-32.98068,-7.9304767,11.855787
125.61805,-7.86843,13.417394
-853.50635,21.022163,-2.4218943
164.36987,6.2337313,-12.372065
-299.37842,10.084266,-3.0981963
-157.24847,5.7861137,-10.44308
-616.8869,12.897512,-7.6538553
-319.22333,-0.63601655,-4.7692485
69.79379,-10.7965765,-6.919786
161.95192,-1.794373,-12.073771
-406.62662,11.229575,5.7529707
-501.9982,-6.12847,-7.0927014
554.2633,-12.612107,-4.07574
180.11081,15.918769,-0.050616845
74.17305,-18.728178,-7.075613
70.463,-16.629227,-2.6879237
1547.294,43.24306,0.69587374
1636.5107,43.48065,-0.075354904
500.3749,10.378769,-8.078326
296.34955,15.886887,2.628125
574.0858,6.5159802,3.435749
132.55742,-31.220856,-7.393155
398.95233,-15.549282,9.013537
91.92622,-19.469719,-2.44861
-595.52954,-6.4302635,1.7921854
37.753815,11.798815,6.308883
-502.85556,-8.782254,-1.383302
303.88495,8.889087,-1.1046264
-59.918045,-0.7744941,11.703656
265.64432,-9.067759,1.3680477
35.39201,4.5029173,-2.4817774
27.183527,-0.7706802,13.167913
264.42578,-8.860199,-5.5494003
-670.0643,6.8947554,-6.5139985
-44.620026,-1.7150034,-3.6427693
347.2864,-27.201216,4.105214
409.92017,10.083831,-0.3641671
237.72018,-5.953743,-2.1457434
200.42047,-19.197184,-4.9591765
8.248284,-5.95383,12.1368265
47.717796,1.7300285,-4.3574734
259.78006,-8.0355425,-1.1544304
285.0447,-13.038873,-6.466227
-139.42883,-11.617773,-7.321009
-357.30292,-8.134838,3.0174577
350.51315,-28.04369,-1.057983
155.21815,-6.7684135,-4.6524744
263.6311,11.535059,-6.928672
490.64456,-14.845735,9.399129
-40.928265,-4.10521,-9.263696
-90.873314,7.8168316,-6.829607
-352.53156,-6.1493516,-1.0117663
302.84134,-3.934774,-2.479364
-352.5122,-7.096146,7.01715
453.55087,-13.53945,-2.3049257
97.836624,-29.100203,-1.492966
-255.26944,-1.644702,9.968988
206.90427,-24.409742,7.9208207
429.51324,-15.614143,-2.5710719
150.6829,-25.17658,0.3325373
-248.17822,-1.4533995,10.654086
181.26411,3.2119255,-0.20430969
183.03528,9.071666,2.8247776
-105.68678,5.554136,7.769131
-87.06301,6.425165,-1.8725806
-109.28876,9.916993,5.0920568
-48.382156,-29.944607,0.03184221
-447.9328,-4.2062364,-9.722891
368.35364,4.180502,8.542686
452.88455,-10.652558,4.4901695
-524.8602,-2.876479,-8.136814
-99.64217,-21.735775,-1.935491
-579.3695,6.3819914,3.0802486
-455.0723,-5.650594,0.7918047
-391.43097,-7.645678,4.674548
90.87312,-32.20743,-4.153007
222.55013,-11.414976,-2.0367267
158.0345,-16.215391,-5.652011
223.7259,-9.6881485,4.199952
246.90263,-14.281891,-0.0068206806
236.00162,0.10419572,-4.7355685
-593.0815,23.186583,-0.088991195
-37.35534,-3.4711285,-4.274611
111.875984,-5.830381,8.514289
202.82996,-21.854464,-10.077164
245.20334,-7.6597557,-4.210738
406.01443,-13.5367,6.797054
-672.4006,14.208767,-4.713123
409.91107,-11.595907,1.4764884
412.20264,-14.866892,7.0312867
432.216,-13.474203,3.2835798
290.01688,-6.4995365,5.632586
265.9024,-7.1417866,7.3435564
-426.8675,-1.1475765,-7.9875445
226.0581,-21.660671,6.4937162
-403.6036,-12.750242,1.9021611
353.52896,-25.72675,4.9882565
147.91203,-3.6024406,4.3955574
-769.71277,6.33777,-2.3570275
-104.80585,7.0367084,-4.4362907
179.48593,4.333404,5.788908
486.3073,-20.132109,2.847957
-393.0083,-9.544567,-1.684639
-505.65747,13.461908,7.007346
96.34516,-23.790749,-5.3793774
-122.24574,-24.434237,0.32086107
-172.38979,-18.577374,6.759315
217.62885,-11.697924,1.9234996
-310.83304,-1.9549365,-2.4718597
-167.82346,1.2775135,14.577811
154.68036,-20.880354,2.74969
-288.0609,-1.7781022,15.429359
416.47116,6.854642,-1.149571
53.4006,-12.822217,16.089441
428.94714,5.059169,-3.601247
104.068886,-13.101816,-4.688302
-58.90182,-20.092169,-0.743034
95.70559,-22.916483,2.0567625
193.03206,-1.7062678,-16.200525
-670.4776,2.0441003,0.037010435
76.34684,-10.608566,-2.7971704
340.62762,17.124151,1.0182204
414.0969,0.0053062956,-2.0938625
719.3549,5.3004045,3.110355
427.98013,-1.457415,3.7454023
-379.84067,5.537513,13.048502
495.66776,-20.90999,6.2753873
130.42198,13.892182,-2.2012076
443.8672,9.485584,-0.807597
-167.3986,-6.319142,18.163353
459.17322,-8.618295,0.4764488
502.22467,0.9978589,-9.851079
69.60524,-19.03991,3.532179
-169.21603,-12.497278,18.597261
388.5992,-22.995707,9.604762
374.76712,-19.55427,-9.776423
127.62381,-20.436392,3.9624834
28.931913,5.7329755,9.9541645
134.15443,-10.380279,-5.843183
166.28503,-7.1771154,8.376701
333.0657,-7.417967,-10.034341
561.37744,-10.624627,-0.30112347
535.45154,17.361742,-6.834415
46.957756,13.147224,-0.69332
535.2849,21.418325,-0.9958627
448.64984,6.520098,-5.3905845
312.66736,-8.994431,-9.769172
348.574,-35.18121,0.89608824
39.49505,22.20337,-0.49064866
16.93828,-23.918703,-3.0625286
341.30023,-34.09891,0.3858296
-179.12685,6.3430266,-5.6986213
306.65448,-12.023511,-3.4364016
-164.60812,-10.908536,13.974323
-30.720713,5.264928,-13.24364
536.5714,-10.461124,1.8979938
227.67867,9.281596,9.938454
474.78265,-16.909498,-3.8262959
577.769,-4.4700155,-4.535819
389.79474,-18.94153,-6.394862
210.28693,18.942919,-10.397241
-0.39640012,-9.017534,0.79730105
505.69366,-13.113128,3.3693624
237.16064,-11.317256,2.5670798
434.79965,-1.4919511,3.1399047
488.02136,-1.9266925,-4.0039907
353.14017,-36.729813,5.6205163
325.26364,-8.72962,-9.296598
307.35016,-6.6043015,1.0562798
584.84357,-15.835206,-5.3945236
206.86333,-8.776593,-2.712495
345.35828,-34.17194,6.3157215
531.2102,5.301693,1.8914835
-315.384,19.596033,-1.6863517
569.7003,5.621478,-0.6540364
232.44708,-9.60346,6.4763074
-82.73404,9.240897,6.40411
96.52296,6.133797,1.3225399
443.5175,-8.356754,-9.291583
358.79968,-24.219889,-6.7173495
316.4219,7.731,-11.664181
141.87648,-8.424616,4.106604
62.167355,3.362853,-11.501157
53.4006,-12.822217,16.089441
253.76659,-17.336971,1.2842798
449.72263,20.342354,-6.766808
395.02005,-4.046712,-6.797593
-482.76987,3.8663275,-6.918845
144.75868,-8.055295,9.321606
-296.07013,27.150944,1.7572149
189.99208,11.170383,-12.614156
-209.1974,24.903528,-0.8986326
375.90106,15.389259,3.0513482
-384.00443,17.002634,3.7352834
-296.7809,21.115644,-0.9209858
62.52532,16.4639,-8.92723
-466.16565,12.745962,0.7353315
-279.91537,22.635525,-8.281767
822.6411,19.30547,0.2768962
890.4888,21.278315,0.8460014
407.64508,15.194203,-5.8555913
140.57858,-20.830349,4.239228
38.5931,-11.000023,2.9815788
-437.85077,11.433449,13.284398
-676.8262,2.8639202,11.931091
455.74692,-2.9391508,3.7467422
540.77075,-16.85436,2.1764827
221.86969,-6.3104715,11.152142
